// ============================================================================
//  lang_packs_generated.cpp  -  GENERATED FILE, DO NOT EDIT
//
//  由 tools/embed_lang.py 从 lang/*.csv 生成：把语言包以原始 UTF-8 字节
//  内嵌进可执行文件，使 LiteView 无需附带 lang\ 目录即可显示多语言。
//
//  重新生成:  python tools/embed_lang.py
// ============================================================================
#include "i18n_embedded.h"

#if LITEVIEW_EMBEDDED_PACKS

#include <cstddef>

namespace {

// ja-JP  (11536 bytes, source: ja-JP.csv)
const unsigned char kPack_ja_JP[] = {
    0x23, 0x20, 0x4C, 0x69, 0x74, 0x65, 0x56, 0x69, 0x65, 0x77, 0x20, 0x6C, 0x61, 0x6E, 0x67, 0x75,
    0x61, 0x67, 0x65, 0x20, 0x70, 0x61, 0x63, 0x6B, 0x20, 0x2F, 0x20, 0xE8, 0xA8, 0x80, 0xE8, 0xAA,
    0x9E, 0xE3, 0x83, 0x91, 0xE3, 0x83, 0x83, 0xE3, 0x82, 0xAF, 0xEF, 0xBC, 0x9A, 0xE6, 0x97, 0xA5,
    0xE6, 0x9C, 0xAC, 0xE8, 0xAA, 0x9E, 0xEF, 0xBC, 0x88, 0x6A, 0x61, 0x2D, 0x4A, 0x50, 0xEF, 0xBC,
    0x89, 0x0A, 0x23, 0x20, 0xE5, 0xBD, 0xA2, 0xE5, 0xBC, 0x8F, 0x3A, 0x20, 0x6B, 0x65, 0x79, 0x2C,
    0x65, 0x6E, 0x67, 0x6C, 0x69, 0x73, 0x68, 0x2C, 0x74, 0x72, 0x61, 0x6E, 0x73, 0x6C, 0x61, 0x74,
    0x69, 0x6F, 0x6E, 0xEF, 0xBC, 0x88, 0x55, 0x54, 0x46, 0x2D, 0x38, 0xEF, 0xBC, 0x9B, 0x74, 0x72,
    0x61, 0x6E, 0x73, 0x6C, 0x61, 0x74, 0x69, 0x6F, 0x6E, 0x20, 0xE3, 0x81, 0x8C, 0xE7, 0xA9, 0xBA,
    0x20, 0x3D, 0x20, 0xE7, 0xB5, 0x84, 0xE3, 0x81, 0xBF, 0xE8, 0xBE, 0xBC, 0xE3, 0x81, 0xBF, 0xE8,
    0x8B, 0xB1, 0xE8, 0xAA, 0x9E, 0xE3, 0x82, 0x92, 0xE4, 0xBD, 0xBF, 0xE7, 0x94, 0xA8, 0xEF, 0xBC,
    0x89, 0x0A, 0x23, 0x20, 0xE3, 0x83, 0x97, 0xE3, 0x83, 0xAC, 0xE3, 0x83, 0xBC, 0xE3, 0x82, 0xB9,
    0xE3, 0x83, 0x9B, 0xE3, 0x83, 0xAB, 0xE3, 0x83, 0x80, 0xE3, 0x83, 0xBC, 0xEF, 0xBC, 0x88, 0x25,
    0x64, 0x20, 0x25, 0x73, 0x20, 0xE3, 0x81, 0xAA, 0xE3, 0x81, 0xA9, 0xEF, 0xBC, 0x89, 0xE3, 0x81,
    0xAF, 0xE8, 0x8B, 0xB1, 0xE8, 0xAA, 0x9E, 0xE3, 0x81, 0xA8, 0xE4, 0xB8, 0x80, 0xE8, 0x87, 0xB4,
    0xE3, 0x81, 0x95, 0xE3, 0x81, 0x9B, 0xE3, 0x82, 0x8B, 0xE5, 0xBF, 0x85, 0xE8, 0xA6, 0x81, 0xE3,
    0x81, 0x8C, 0xE3, 0x81, 0x82, 0xE3, 0x82, 0x8A, 0xE3, 0x81, 0xBE, 0xE3, 0x81, 0x99, 0xEF, 0xBC,
    0x9B, 0x5C, 0x6E, 0x20, 0x3D, 0x20, 0xE6, 0x94, 0xB9, 0xE8, 0xA1, 0x8C, 0xE3, 0x80, 0x81, 0x5C,
    0x74, 0x20, 0x3D, 0x20, 0xE3, 0x82, 0xBF, 0xE3, 0x83, 0x96, 0xE3, 0x80, 0x81, 0x5C, 0x5C, 0x20,
    0x3D, 0x20, 0xE3, 0x83, 0x90, 0xE3, 0x83, 0x83, 0xE3, 0x82, 0xAF, 0xE3, 0x82, 0xB9, 0xE3, 0x83,
    0xA9, 0xE3, 0x83, 0x83, 0xE3, 0x82, 0xB7, 0xE3, 0x83, 0xA5, 0x0A, 0x23, 0x20, 0x6E, 0x61, 0x6D,
    0x65, 0x3A, 0x20, 0xE6, 0x97, 0xA5, 0xE6, 0x9C, 0xAC, 0xE8, 0xAA, 0x9E, 0x0A, 0x6B, 0x65, 0x79,
    0x2C, 0x65, 0x6E, 0x67, 0x6C, 0x69, 0x73, 0x68, 0x2C, 0x74, 0x72, 0x61, 0x6E, 0x73, 0x6C, 0x61,
    0x74, 0x69, 0x6F, 0x6E, 0x0A, 0x61, 0x70, 0x70, 0x5F, 0x74, 0x69, 0x74, 0x6C, 0x65, 0x2C, 0x4C,
    0x69, 0x74, 0x65, 0x56, 0x69, 0x65, 0x77, 0x20, 0x49, 0x6D, 0x61, 0x67, 0x65, 0x20, 0x56, 0x69,
    0x65, 0x77, 0x65, 0x72, 0x2C, 0x4C, 0x69, 0x74, 0x65, 0x56, 0x69, 0x65, 0x77, 0x20, 0xE7, 0x94,
    0xBB, 0xE5, 0x83, 0x8F, 0xE3, 0x83, 0x93, 0xE3, 0x83, 0xA5, 0xE3, 0x83, 0xBC, 0xE3, 0x82, 0xA2,
    0x0A, 0x74, 0x69, 0x70, 0x5F, 0x6F, 0x70, 0x65, 0x6E, 0x2C, 0x4F, 0x70, 0x65, 0x6E, 0x20, 0x69,
    0x6D, 0x61, 0x67, 0x65, 0x20, 0x28, 0x4F, 0x29, 0x2C, 0xE7, 0x94, 0xBB, 0xE5, 0x83, 0x8F, 0xE3,
    0x82, 0x92, 0xE9, 0x96, 0x8B, 0xE3, 0x81, 0x8F, 0xEF, 0xBC, 0x88, 0x4F, 0xEF, 0xBC, 0x89, 0x0A,
    0x74, 0x69, 0x70, 0x5F, 0x70, 0x72, 0x65, 0x76, 0x2C, 0x50, 0x72, 0x65, 0x76, 0x69, 0x6F, 0x75,
    0x73, 0x20, 0x69, 0x6D, 0x61, 0x67, 0x65, 0x20, 0x28, 0xE2, 0x86, 0x90, 0x29, 0x2C, 0xE5, 0x89,
    0x8D, 0xE3, 0x81, 0xAE, 0xE7, 0x94, 0xBB, 0xE5, 0x83, 0x8F, 0xEF, 0xBC, 0x88, 0xE2, 0x86, 0x90,
    0xEF, 0xBC, 0x89, 0x0A, 0x74, 0x69, 0x70, 0x5F, 0x6E, 0x65, 0x78, 0x74, 0x2C, 0x4E, 0x65, 0x78,
    0x74, 0x20, 0x69, 0x6D, 0x61, 0x67, 0x65, 0x20, 0x28, 0xE2, 0x86, 0x92, 0x29, 0x2C, 0xE6, 0xAC,
    0xA1, 0xE3, 0x81, 0xAE, 0xE7, 0x94, 0xBB, 0xE5, 0x83, 0x8F, 0xEF, 0xBC, 0x88, 0xE2, 0x86, 0x92,
    0xEF, 0xBC, 0x89, 0x0A, 0x74, 0x69, 0x70, 0x5F, 0x7A, 0x6F, 0x6F, 0x6D, 0x5F, 0x6F, 0x75, 0x74,
    0x2C, 0x5A, 0x6F, 0x6F, 0x6D, 0x20, 0x6F, 0x75, 0x74, 0x20, 0x28, 0x2D, 0x20, 0x2F, 0x20, 0x77,
    0x68, 0x65, 0x65, 0x6C, 0x29, 0x2C, 0xE7, 0xB8, 0xAE, 0xE5, 0xB0, 0x8F, 0xEF, 0xBC, 0x88, 0x2D,
    0x20, 0x2F, 0x20, 0xE3, 0x83, 0x9B, 0xE3, 0x82, 0xA4, 0xE3, 0x83, 0xBC, 0xE3, 0x83, 0xAB, 0xEF,
    0xBC, 0x89, 0x0A, 0x74, 0x69, 0x70, 0x5F, 0x7A, 0x6F, 0x6F, 0x6D, 0x5F, 0x69, 0x6E, 0x2C, 0x5A,
    0x6F, 0x6F, 0x6D, 0x20, 0x69, 0x6E, 0x20, 0x28, 0x2B, 0x20, 0x2F, 0x20, 0x77, 0x68, 0x65, 0x65,
    0x6C, 0x29, 0x2C, 0xE6, 0x8B, 0xA1, 0xE5, 0xA4, 0xA7, 0xEF, 0xBC, 0x88, 0x2B, 0x20, 0x2F, 0x20,
    0xE3, 0x83, 0x9B, 0xE3, 0x82, 0xA4, 0xE3, 0x83, 0xBC, 0xE3, 0x83, 0xAB, 0xEF, 0xBC, 0x89, 0x0A,
    0x74, 0x69, 0x70, 0x5F, 0x66, 0x69, 0x74, 0x2C, 0x46, 0x69, 0x74, 0x20, 0x74, 0x6F, 0x20, 0x77,
    0x69, 0x6E, 0x64, 0x6F, 0x77, 0x20, 0x28, 0x30, 0x29, 0x2C, 0xE3, 0x82, 0xA6, 0xE3, 0x82, 0xA3,
    0xE3, 0x83, 0xB3, 0xE3, 0x83, 0x89, 0xE3, 0x82, 0xA6, 0xE3, 0x81, 0xAB, 0xE5, 0x90, 0x88, 0xE3,
    0x82, 0x8F, 0xE3, 0x81, 0x9B, 0xE3, 0x82, 0x8B, 0xEF, 0xBC, 0x88, 0x30, 0xEF, 0xBC, 0x89, 0x0A,
    0x74, 0x69, 0x70, 0x5F, 0x61, 0x63, 0x74, 0x75, 0x61, 0x6C, 0x2C, 0x41, 0x63, 0x74, 0x75, 0x61,
    0x6C, 0x20, 0x73, 0x69, 0x7A, 0x65, 0x20, 0x31, 0x3A, 0x31, 0x20, 0x28, 0x31, 0x29, 0x2C, 0xE5,
    0x85, 0x83, 0xE3, 0x81, 0xAE, 0xE3, 0x82, 0xB5, 0xE3, 0x82, 0xA4, 0xE3, 0x82, 0xBA, 0x20, 0x31,
    0x3A, 0x31, 0xEF, 0xBC, 0x88, 0x31, 0xEF, 0xBC, 0x89, 0x0A, 0x74, 0x69, 0x70, 0x5F, 0x72, 0x6F,
    0x74, 0x5F, 0x63, 0x63, 0x77, 0x2C, 0x52, 0x6F, 0x74, 0x61, 0x74, 0x65, 0x20, 0x63, 0x6F, 0x75,
    0x6E, 0x74, 0x65, 0x72, 0x2D, 0x63, 0x6C, 0x6F, 0x63, 0x6B, 0x77, 0x69, 0x73, 0x65, 0x20, 0x28,
    0x53, 0x68, 0x69, 0x66, 0x74, 0x2B, 0x52, 0x29, 0x2C, 0xE5, 0x8F, 0x8D, 0xE6, 0x99, 0x82, 0xE8,
    0xA8, 0x88, 0xE5, 0x9B, 0x9E, 0xE3, 0x82, 0x8A, 0xE3, 0x81, 0xAB, 0xE5, 0x9B, 0x9E, 0xE8, 0xBB,
    0xA2, 0xEF, 0xBC, 0x88, 0x53, 0x68, 0x69, 0x66, 0x74, 0x2B, 0x52, 0xEF, 0xBC, 0x89, 0x0A, 0x74,
    0x69, 0x70, 0x5F, 0x72, 0x6F, 0x74, 0x5F, 0x63, 0x77, 0x2C, 0x52, 0x6F, 0x74, 0x61, 0x74, 0x65,
    0x20, 0x63, 0x6C, 0x6F, 0x63, 0x6B, 0x77, 0x69, 0x73, 0x65, 0x20, 0x28, 0x52, 0x29, 0x2C, 0xE6,
    0x99, 0x82, 0xE8, 0xA8, 0x88, 0xE5, 0x9B, 0x9E, 0xE3, 0x82, 0x8A, 0xE3, 0x81, 0xAB, 0xE5, 0x9B,
    0x9E, 0xE8, 0xBB, 0xA2, 0xEF, 0xBC, 0x88, 0x52, 0xEF, 0xBC, 0x89, 0x0A, 0x74, 0x69, 0x70, 0x5F,
    0x73, 0x6C, 0x69, 0x64, 0x65, 0x2C, 0x53, 0x6C, 0x69, 0x64, 0x65, 0x73, 0x68, 0x6F, 0x77, 0x20,
    0x28, 0x53, 0x70, 0x61, 0x63, 0x65, 0x29, 0x2C, 0xE3, 0x82, 0xB9, 0xE3, 0x83, 0xA9, 0xE3, 0x82,
    0xA4, 0xE3, 0x83, 0x89, 0xE3, 0x82, 0xB7, 0xE3, 0x83, 0xA7, 0xE3, 0x83, 0xBC, 0xEF, 0xBC, 0x88,
    0x53, 0x70, 0x61, 0x63, 0x65, 0xEF, 0xBC, 0x89, 0x0A, 0x74, 0x69, 0x70, 0x5F, 0x66, 0x75, 0x6C,
    0x6C, 0x73, 0x63, 0x72, 0x65, 0x65, 0x6E, 0x2C, 0x46, 0x75, 0x6C, 0x6C, 0x73, 0x63, 0x72, 0x65,
    0x65, 0x6E, 0x20, 0x28, 0x46, 0x31, 0x31, 0x29, 0x2C, 0xE5, 0x85, 0xA8, 0xE7, 0x94, 0xBB, 0xE9,
    0x9D, 0xA2, 0xE8, 0xA1, 0xA8, 0xE7, 0xA4, 0xBA, 0xEF, 0xBC, 0x88, 0x46, 0x31, 0x31, 0xEF, 0xBC,
    0x89, 0x0A, 0x74, 0x69, 0x70, 0x5F, 0x73, 0x65, 0x74, 0x74, 0x69, 0x6E, 0x67, 0x73, 0x2C, 0x53,
    0x65, 0x74, 0x74, 0x69, 0x6E, 0x67, 0x73, 0x20, 0x28, 0x54, 0x61, 0x62, 0x29, 0x2C, 0xE8, 0xA8,
    0xAD, 0xE5, 0xAE, 0x9A, 0xEF, 0xBC, 0x88, 0x54, 0x61, 0x62, 0xEF, 0xBC, 0x89, 0x0A, 0x73, 0x74,
    0x61, 0x74, 0x75, 0x73, 0x5F, 0x6C, 0x6F, 0x61, 0x64, 0x69, 0x6E, 0x67, 0x2C, 0x4C, 0x6F, 0x61,
    0x64, 0x69, 0x6E, 0x67, 0xE2, 0x80, 0xA6, 0x2C, 0xE8, 0xAA, 0xAD, 0xE3, 0x81, 0xBF, 0xE8, 0xBE,
    0xBC, 0xE3, 0x81, 0xBF, 0xE4, 0xB8, 0xAD, 0xE2, 0x80, 0xA6, 0x0A, 0x73, 0x74, 0x61, 0x74, 0x75,
    0x73, 0x5F, 0x6E, 0x6F, 0x5F, 0x69, 0x6D, 0x61, 0x67, 0x65, 0x2C, 0x22, 0x4E, 0x6F, 0x20, 0x69,
    0x6D, 0x61, 0x67, 0x65, 0x20, 0x6F, 0x70, 0x65, 0x6E, 0x20, 0xE2, 0x80, 0x94, 0x20, 0x70, 0x72,
    0x65, 0x73, 0x73, 0x20, 0x4F, 0x20, 0x74, 0x6F, 0x20, 0x63, 0x68, 0x6F, 0x6F, 0x73, 0x65, 0x20,
    0x61, 0x6E, 0x20, 0x69, 0x6D, 0x61, 0x67, 0x65, 0x2C, 0x20, 0x6F, 0x72, 0x20, 0x64, 0x72, 0x61,
    0x67, 0x20, 0x6F, 0x6E, 0x65, 0x20, 0x69, 0x6E, 0x74, 0x6F, 0x20, 0x74, 0x68, 0x65, 0x20, 0x77,
    0x69, 0x6E, 0x64, 0x6F, 0x77, 0x22, 0x2C, 0xE7, 0x94, 0xBB, 0xE5, 0x83, 0x8F, 0xE3, 0x81, 0x8C,
    0xE9, 0x96, 0x8B, 0xE3, 0x81, 0x8B, 0xE3, 0x82, 0x8C, 0xE3, 0x81, 0xA6, 0xE3, 0x81, 0x84, 0xE3,
    0x81, 0xBE, 0xE3, 0x81, 0x9B, 0xE3, 0x82, 0x93, 0x20, 0xE2, 0x80, 0x94, 0x20, 0x4F, 0x20, 0xE3,
    0x82, 0x92, 0xE6, 0x8A, 0xBC, 0xE3, 0x81, 0x97, 0xE3, 0x81, 0xA6, 0xE7, 0x94, 0xBB, 0xE5, 0x83,
    0x8F, 0xE3, 0x82, 0x92, 0xE9, 0x81, 0xB8, 0xE3, 0x81, 0xB6, 0xE3, 0x81, 0x8B, 0xE3, 0x80, 0x81,
    0xE3, 0x82, 0xA6, 0xE3, 0x82, 0xA3, 0xE3, 0x83, 0xB3, 0xE3, 0x83, 0x89, 0xE3, 0x82, 0xA6, 0xE3,
    0x81, 0xAB, 0xE3, 0x83, 0x89, 0xE3, 0x83, 0xA9, 0xE3, 0x83, 0x83, 0xE3, 0x82, 0xB0, 0xE3, 0x81,
    0x97, 0xE3, 0x81, 0xA6, 0xE3, 0x81, 0x8F, 0xE3, 0x81, 0xA0, 0xE3, 0x81, 0x95, 0xE3, 0x81, 0x84,
    0x0A, 0x73, 0x74, 0x61, 0x74, 0x75, 0x73, 0x5F, 0x66, 0x72, 0x61, 0x6D, 0x65, 0x73, 0x2C, 0x22,
    0x20, 0x20, 0x20, 0x25, 0x64, 0x20, 0x66, 0x72, 0x61, 0x6D, 0x65, 0x73, 0x20, 0x28, 0x47, 0x49,
    0x46, 0x29, 0x22, 0x2C, 0x22, 0x20, 0x20, 0x20, 0x25, 0x64, 0x20, 0xE3, 0x83, 0x95, 0xE3, 0x83,
    0xAC, 0xE3, 0x83, 0xBC, 0xE3, 0x83, 0xA0, 0xEF, 0xBC, 0x88, 0x47, 0x49, 0x46, 0xEF, 0xBC, 0x89,
    0x22, 0x0A, 0x73, 0x74, 0x61, 0x74, 0x75, 0x73, 0x5F, 0x73, 0x6C, 0x69, 0x64, 0x65, 0x73, 0x68,
    0x6F, 0x77, 0x2C, 0x22, 0x20, 0x20, 0x20, 0x53, 0x6C, 0x69, 0x64, 0x65, 0x73, 0x68, 0x6F, 0x77,
    0x20, 0x70, 0x6C, 0x61, 0x79, 0x69, 0x6E, 0x67, 0x22, 0x2C, 0x22, 0x20, 0x20, 0x20, 0xE3, 0x82,
    0xB9, 0xE3, 0x83, 0xA9, 0xE3, 0x82, 0xA4, 0xE3, 0x83, 0x89, 0xE3, 0x82, 0xB7, 0xE3, 0x83, 0xA7,
    0xE3, 0x83, 0xBC, 0xE5, 0x86, 0x8D, 0xE7, 0x94, 0x9F, 0xE4, 0xB8, 0xAD, 0x22, 0x0A, 0x65, 0x6D,
    0x70, 0x74, 0x79, 0x5F, 0x68, 0x69, 0x6E, 0x74, 0x5F, 0x6C, 0x69, 0x6E, 0x65, 0x31, 0x2C, 0x22,
    0x44, 0x72, 0x61, 0x67, 0x20, 0x61, 0x6E, 0x20, 0x69, 0x6D, 0x61, 0x67, 0x65, 0x20, 0x68, 0x65,
    0x72, 0x65, 0x2C, 0x20, 0x6F, 0x72, 0x20, 0x70, 0x72, 0x65, 0x73, 0x73, 0x20, 0x4F, 0x20, 0x74,
    0x6F, 0x20, 0x6F, 0x70, 0x65, 0x6E, 0x20, 0x6F, 0x6E, 0x65, 0x22, 0x2C, 0xE3, 0x81, 0x93, 0xE3,
    0x81, 0x93, 0xE3, 0x81, 0xAB, 0xE7, 0x94, 0xBB, 0xE5, 0x83, 0x8F, 0xE3, 0x82, 0x92, 0xE3, 0x83,
    0x89, 0xE3, 0x83, 0xA9, 0xE3, 0x83, 0x83, 0xE3, 0x82, 0xB0, 0xE3, 0x81, 0x99, 0xE3, 0x82, 0x8B,
    0xE3, 0x81, 0x8B, 0xE3, 0x80, 0x81, 0x4F, 0x20, 0xE3, 0x82, 0x92, 0xE6, 0x8A, 0xBC, 0xE3, 0x81,
    0x97, 0xE3, 0x81, 0xA6, 0xE9, 0x96, 0x8B, 0xE3, 0x81, 0x84, 0xE3, 0x81, 0xA6, 0xE3, 0x81, 0x8F,
    0xE3, 0x81, 0xA0, 0xE3, 0x81, 0x95, 0xE3, 0x81, 0x84, 0x0A, 0x65, 0x6D, 0x70, 0x74, 0x79, 0x5F,
    0x68, 0x69, 0x6E, 0x74, 0x5F, 0x6C, 0x69, 0x6E, 0x65, 0x32, 0x2C, 0x22, 0x53, 0x75, 0x70, 0x70,
    0x6F, 0x72, 0x74, 0x73, 0x20, 0x4A, 0x50, 0x47, 0x20, 0x2F, 0x20, 0x50, 0x4E, 0x47, 0x20, 0x2F,
    0x20, 0x47, 0x49, 0x46, 0x20, 0x2F, 0x20, 0x42, 0x4D, 0x50, 0x20, 0xE2, 0x80, 0x94, 0x20, 0x62,
    0x75, 0x69, 0x6C, 0x74, 0x2D, 0x69, 0x6E, 0x20, 0x64, 0x65, 0x63, 0x6F, 0x64, 0x65, 0x72, 0x73,
    0x2C, 0x20, 0x6E, 0x6F, 0x20, 0x73, 0x79, 0x73, 0x74, 0x65, 0x6D, 0x20, 0x63, 0x6F, 0x6D, 0x70,
    0x6F, 0x6E, 0x65, 0x6E, 0x74, 0x73, 0x22, 0x2C, 0x4A, 0x50, 0x47, 0x20, 0x2F, 0x20, 0x50, 0x4E,
    0x47, 0x20, 0x2F, 0x20, 0x47, 0x49, 0x46, 0x20, 0x2F, 0x20, 0x42, 0x4D, 0x50, 0x20, 0xE3, 0x81,
    0xAB, 0xE5, 0xAF, 0xBE, 0xE5, 0xBF, 0x9C, 0x20, 0xE2, 0x80, 0x94, 0x20, 0xE7, 0x8B, 0xAC, 0xE8,
    0x87, 0xAA, 0xE3, 0x83, 0x87, 0xE3, 0x82, 0xB3, 0xE3, 0x83, 0xBC, 0xE3, 0x83, 0x80, 0xE3, 0x83,
    0xBC, 0xE5, 0x86, 0x85, 0xE8, 0x94, 0xB5, 0xE3, 0x80, 0x81, 0xE3, 0x82, 0xB7, 0xE3, 0x82, 0xB9,
    0xE3, 0x83, 0x86, 0xE3, 0x83, 0xA0, 0xE3, 0x82, 0xB3, 0xE3, 0x83, 0xB3, 0xE3, 0x83, 0x9D, 0xE3,
    0x83, 0xBC, 0xE3, 0x83, 0x8D, 0xE3, 0x83, 0xB3, 0xE3, 0x83, 0x88, 0xE4, 0xB8, 0x8D, 0xE8, 0xA6,
    0x81, 0x0A, 0x69, 0x6E, 0x66, 0x6F, 0x5F, 0x70, 0x61, 0x74, 0x68, 0x2C, 0x22, 0x50, 0x61, 0x74,
    0x68, 0x3A, 0x20, 0x20, 0x22, 0x2C, 0x22, 0xE3, 0x83, 0x91, 0xE3, 0x82, 0xB9, 0x3A, 0x20, 0x20,
    0x22, 0x0A, 0x69, 0x6E, 0x66, 0x6F, 0x5F, 0x73, 0x69, 0x7A, 0x65, 0x2C, 0x53, 0x69, 0x7A, 0x65,
    0x3A, 0x20, 0x20, 0x25, 0x64, 0x20, 0xC3, 0x97, 0x20, 0x25, 0x64, 0x20, 0x20, 0x20, 0x20, 0x20,
    0x20, 0x20, 0x20, 0x46, 0x6F, 0x72, 0x6D, 0x61, 0x74, 0x3A, 0x20, 0x20, 0x25, 0x73, 0x20, 0x20,
    0x20, 0x20, 0x20, 0x20, 0x20, 0x20, 0x46, 0x69, 0x6C, 0x65, 0x3A, 0x20, 0x20, 0x25, 0x73, 0x2C,
    0xE3, 0x82, 0xB5, 0xE3, 0x82, 0xA4, 0xE3, 0x82, 0xBA, 0x3A, 0x20, 0x20, 0x25, 0x64, 0x20, 0xC3,
    0x97, 0x20, 0x25, 0x64, 0x20, 0x20, 0x20, 0x20, 0x20, 0x20, 0x20, 0x20, 0xE5, 0xBD, 0xA2, 0xE5,
    0xBC, 0x8F, 0x3A, 0x20, 0x20, 0x25, 0x73, 0x20, 0x20, 0x20, 0x20, 0x20, 0x20, 0x20, 0x20, 0xE3,
    0x83, 0x95, 0xE3, 0x82, 0xA1, 0xE3, 0x82, 0xA4, 0xE3, 0x83, 0xAB, 0x3A, 0x20, 0x20, 0x25, 0x73,
    0x0A, 0x69, 0x6E, 0x66, 0x6F, 0x5F, 0x7A, 0x6F, 0x6F, 0x6D, 0x2C, 0x5A, 0x6F, 0x6F, 0x6D, 0x3A,
    0x20, 0x20, 0x25, 0x64, 0x25, 0x25, 0x20, 0x20, 0x20, 0x20, 0x20, 0x20, 0x20, 0x20, 0x56, 0x69,
    0x65, 0x77, 0x70, 0x6F, 0x72, 0x74, 0x3A, 0x20, 0x20, 0x25, 0x64, 0x20, 0xC3, 0x97, 0x20, 0x25,
    0x64, 0x2C, 0xE3, 0x82, 0xBA, 0xE3, 0x83, 0xBC, 0xE3, 0x83, 0xA0, 0x3A, 0x20, 0x20, 0x25, 0x64,
    0x25, 0x25, 0x20, 0x20, 0x20, 0x20, 0x20, 0x20, 0x20, 0x20, 0xE8, 0xA1, 0xA8, 0xE7, 0xA4, 0xBA,
    0xE9, 0xA0, 0x98, 0xE5, 0x9F, 0x9F, 0x3A, 0x20, 0x20, 0x25, 0x64, 0x20, 0xC3, 0x97, 0x20, 0x25,
    0x64, 0x0A, 0x69, 0x6E, 0x66, 0x6F, 0x5F, 0x67, 0x69, 0x66, 0x5F, 0x66, 0x72, 0x61, 0x6D, 0x65,
    0x73, 0x2C, 0x47, 0x49, 0x46, 0x20, 0x66, 0x72, 0x61, 0x6D, 0x65, 0x73, 0x3A, 0x20, 0x20, 0x25,
    0x64, 0x20, 0x28, 0x73, 0x68, 0x6F, 0x77, 0x69, 0x6E, 0x67, 0x20, 0x66, 0x69, 0x72, 0x73, 0x74,
    0x20, 0x66, 0x72, 0x61, 0x6D, 0x65, 0x29, 0x2C, 0x47, 0x49, 0x46, 0x20, 0xE3, 0x83, 0x95, 0xE3,
    0x83, 0xAC, 0xE3, 0x83, 0xBC, 0xE3, 0x83, 0xA0, 0xE6, 0x95, 0xB0, 0x3A, 0x20, 0x20, 0x25, 0x64,
    0xEF, 0xBC, 0x88, 0xE5, 0x85, 0x88, 0xE9, 0xA0, 0xAD, 0xE3, 0x83, 0x95, 0xE3, 0x83, 0xAC, 0xE3,
    0x83, 0xBC, 0xE3, 0x83, 0xA0, 0xE3, 0x82, 0x92, 0xE8, 0xA1, 0xA8, 0xE7, 0xA4, 0xBA, 0xE4, 0xB8,
    0xAD, 0xEF, 0xBC, 0x89, 0x0A, 0x69, 0x6E, 0x66, 0x6F, 0x5F, 0x63, 0x61, 0x6D, 0x65, 0x72, 0x61,
    0x2C, 0x22, 0x43, 0x61, 0x6D, 0x65, 0x72, 0x61, 0x3A, 0x20, 0x20, 0x22, 0x2C, 0x22, 0xE3, 0x82,
    0xAB, 0xE3, 0x83, 0xA1, 0xE3, 0x83, 0xA9, 0x3A, 0x20, 0x20, 0x22, 0x0A, 0x69, 0x6E, 0x66, 0x6F,
    0x5F, 0x64, 0x61, 0x74, 0x65, 0x2C, 0x22, 0x44, 0x61, 0x74, 0x65, 0x20, 0x74, 0x61, 0x6B, 0x65,
    0x6E, 0x3A, 0x20, 0x20, 0x22, 0x2C, 0x22, 0xE6, 0x92, 0xAE, 0xE5, 0xBD, 0xB1, 0xE6, 0x97, 0xA5,
    0xE6, 0x99, 0x82, 0x3A, 0x20, 0x20, 0x22, 0x0A, 0x69, 0x6E, 0x66, 0x6F, 0x5F, 0x73, 0x68, 0x75,
    0x74, 0x74, 0x65, 0x72, 0x2C, 0x22, 0x53, 0x68, 0x75, 0x74, 0x74, 0x65, 0x72, 0x20, 0x22, 0x2C,
    0x22, 0xE3, 0x82, 0xB7, 0xE3, 0x83, 0xA3, 0xE3, 0x83, 0x83, 0xE3, 0x82, 0xBF, 0xE3, 0x83, 0xBC,
    0x20, 0x22, 0x0A, 0x69, 0x6E, 0x66, 0x6F, 0x5F, 0x61, 0x70, 0x65, 0x72, 0x74, 0x75, 0x72, 0x65,
    0x2C, 0x22, 0x41, 0x70, 0x65, 0x72, 0x74, 0x75, 0x72, 0x65, 0x20, 0x22, 0x2C, 0x22, 0xE7, 0xB5,
    0x9E, 0xE3, 0x82, 0x8A, 0x20, 0x22, 0x0A, 0x69, 0x6E, 0x66, 0x6F, 0x5F, 0x66, 0x6F, 0x63, 0x61,
    0x6C, 0x2C, 0x22, 0x46, 0x6F, 0x63, 0x61, 0x6C, 0x20, 0x6C, 0x65, 0x6E, 0x67, 0x74, 0x68, 0x20,
    0x22, 0x2C, 0x22, 0xE7, 0x84, 0xA6, 0xE7, 0x82, 0xB9, 0xE8, 0xB7, 0x9D, 0xE9, 0x9B, 0xA2, 0x20,
    0x22, 0x0A, 0x69, 0x6E, 0x66, 0x6F, 0x5F, 0x65, 0x78, 0x69, 0x66, 0x5F, 0x6F, 0x72, 0x69, 0x65,
    0x6E, 0x74, 0x61, 0x74, 0x69, 0x6F, 0x6E, 0x2C, 0x45, 0x58, 0x49, 0x46, 0x20, 0x6F, 0x72, 0x69,
    0x65, 0x6E, 0x74, 0x61, 0x74, 0x69, 0x6F, 0x6E, 0x3A, 0x20, 0x20, 0x25, 0x64, 0x20, 0x28, 0x61,
    0x75, 0x74, 0x6F, 0x2D, 0x63, 0x6F, 0x72, 0x72, 0x65, 0x63, 0x74, 0x65, 0x64, 0x29, 0x2C, 0x45,
    0x58, 0x49, 0x46, 0x20, 0xE3, 0x81, 0xAE, 0xE5, 0x90, 0x91, 0xE3, 0x81, 0x8D, 0x3A, 0x20, 0x20,
    0x25, 0x64, 0xEF, 0xBC, 0x88, 0xE8, 0x87, 0xAA, 0xE5, 0x8B, 0x95, 0xE8, 0xA3, 0x9C, 0xE6, 0xAD,
    0xA3, 0xE6, 0xB8, 0x88, 0xE3, 0x81, 0xBF, 0xEF, 0xBC, 0x89, 0x0A, 0x69, 0x6E, 0x66, 0x6F, 0x5F,
    0x63, 0x6C, 0x6F, 0x73, 0x65, 0x5F, 0x68, 0x69, 0x6E, 0x74, 0x2C, 0x50, 0x72, 0x65, 0x73, 0x73,
    0x20, 0x49, 0x20, 0x6F, 0x72, 0x20, 0x63, 0x6C, 0x69, 0x63, 0x6B, 0x20, 0x61, 0x6E, 0x79, 0x77,
    0x68, 0x65, 0x72, 0x65, 0x20, 0x74, 0x6F, 0x20, 0x63, 0x6C, 0x6F, 0x73, 0x65, 0x2C, 0x49, 0x20,
    0xE3, 0x82, 0x92, 0xE6, 0x8A, 0xBC, 0xE3, 0x81, 0x99, 0xE3, 0x81, 0x8B, 0xE3, 0x80, 0x81, 0xE4,
    0xBB, 0xBB, 0xE6, 0x84, 0x8F, 0xE3, 0x81, 0xAE, 0xE5, 0xA0, 0xB4, 0xE6, 0x89, 0x80, 0xE3, 0x82,
    0x92, 0xE3, 0x82, 0xAF, 0xE3, 0x83, 0xAA, 0xE3, 0x83, 0x83, 0xE3, 0x82, 0xAF, 0xE3, 0x81, 0x97,
    0xE3, 0x81, 0xA6, 0xE9, 0x96, 0x89, 0xE3, 0x81, 0x98, 0xE3, 0x81, 0xBE, 0xE3, 0x81, 0x99, 0x0A,
    0x70, 0x61, 0x6E, 0x65, 0x6C, 0x5F, 0x74, 0x68, 0x69, 0x73, 0x5F, 0x70, 0x63, 0x2C, 0x54, 0x68,
    0x69, 0x73, 0x20, 0x50, 0x43, 0x2C, 0x50, 0x43, 0x0A, 0x70, 0x61, 0x6E, 0x65, 0x6C, 0x5F, 0x6F,
    0x70, 0x65, 0x6E, 0x5F, 0x74, 0x69, 0x74, 0x6C, 0x65, 0x2C, 0x4F, 0x70, 0x65, 0x6E, 0x20, 0x69,
    0x6D, 0x61, 0x67, 0x65, 0x2C, 0xE7, 0x94, 0xBB, 0xE5, 0x83, 0x8F, 0xE3, 0x82, 0x92, 0xE9, 0x96,
    0x8B, 0xE3, 0x81, 0x8F, 0x0A, 0x70, 0x61, 0x6E, 0x65, 0x6C, 0x5F, 0x62, 0x61, 0x63, 0x6B, 0x5F,
    0x68, 0x69, 0x6E, 0x74, 0x2C, 0x54, 0x68, 0x69, 0x73, 0x20, 0x50, 0x43, 0x20, 0x28, 0x63, 0x6C,
    0x69, 0x63, 0x6B, 0x20, 0x74, 0x69, 0x74, 0x6C, 0x65, 0x20, 0x74, 0x6F, 0x20, 0x67, 0x6F, 0x20,
    0x62, 0x61, 0x63, 0x6B, 0x29, 0x2C, 0x50, 0x43, 0xEF, 0xBC, 0x88, 0xE3, 0x82, 0xBF, 0xE3, 0x82,
    0xA4, 0xE3, 0x83, 0x88, 0xE3, 0x83, 0xAB, 0xE3, 0x82, 0x92, 0xE3, 0x82, 0xAF, 0xE3, 0x83, 0xAA,
    0xE3, 0x83, 0x83, 0xE3, 0x82, 0xAF, 0xE3, 0x81, 0x97, 0xE3, 0x81, 0xA6, 0xE6, 0x88, 0xBB, 0xE3,
    0x82, 0x8B, 0xEF, 0xBC, 0x89, 0x0A, 0x70, 0x61, 0x6E, 0x65, 0x6C, 0x5F, 0x6E, 0x6F, 0x5F, 0x66,
    0x69, 0x6C, 0x65, 0x73, 0x2C, 0x28, 0x4E, 0x6F, 0x20, 0x69, 0x6D, 0x61, 0x67, 0x65, 0x20, 0x66,
    0x69, 0x6C, 0x65, 0x73, 0x29, 0x2C, 0xEF, 0xBC, 0x88, 0xE7, 0x94, 0xBB, 0xE5, 0x83, 0x8F, 0xE3,
    0x83, 0x95, 0xE3, 0x82, 0xA1, 0xE3, 0x82, 0xA4, 0xE3, 0x83, 0xAB, 0xE3, 0x81, 0x8C, 0xE3, 0x81,
    0x82, 0xE3, 0x82, 0x8A, 0xE3, 0x81, 0xBE, 0xE3, 0x81, 0x9B, 0xE3, 0x82, 0x93, 0xEF, 0xBC, 0x89,
    0x0A, 0x70, 0x61, 0x6E, 0x65, 0x6C, 0x5F, 0x6B, 0x65, 0x79, 0x5F, 0x68, 0x69, 0x6E, 0x74, 0x2C,
    0x44, 0x6F, 0x75, 0x62, 0x6C, 0x65, 0x2D, 0x63, 0x6C, 0x69, 0x63, 0x6B, 0x2F, 0x45, 0x6E, 0x74,
    0x65, 0x72, 0x20, 0x6F, 0x70, 0x65, 0x6E, 0x20, 0xC2, 0xB7, 0x20, 0x42, 0x61, 0x63, 0x6B, 0x73,
    0x70, 0x61, 0x63, 0x65, 0x20, 0x75, 0x70, 0x20, 0xC2, 0xB7, 0x20, 0x45, 0x73, 0x63, 0x20, 0x63,
    0x6C, 0x6F, 0x73, 0x65, 0x2C, 0xE3, 0x83, 0x80, 0xE3, 0x83, 0x96, 0xE3, 0x83, 0xAB, 0xE3, 0x82,
    0xAF, 0xE3, 0x83, 0xAA, 0xE3, 0x83, 0x83, 0xE3, 0x82, 0xAF, 0x2F, 0x45, 0x6E, 0x74, 0x65, 0x72,
    0x20, 0xE3, 0x81, 0xA7, 0xE9, 0x96, 0x8B, 0xE3, 0x81, 0x8F, 0x20, 0xC2, 0xB7, 0x20, 0x42, 0x61,
    0x63, 0x6B, 0x73, 0x70, 0x61, 0x63, 0x65, 0x20, 0xE3, 0x81, 0xA7, 0xE4, 0xB8, 0x8A, 0xE3, 0x81,
    0xB8, 0x20, 0xC2, 0xB7, 0x20, 0x45, 0x73, 0x63, 0x20, 0xE3, 0x81, 0xA7, 0xE9, 0x96, 0x89, 0xE3,
    0x81, 0x98, 0xE3, 0x82, 0x8B, 0x0A, 0x74, 0x6F, 0x61, 0x73, 0x74, 0x5F, 0x63, 0x61, 0x6E, 0x6E,
    0x6F, 0x74, 0x5F, 0x6F, 0x70, 0x65, 0x6E, 0x5F, 0x64, 0x69, 0x72, 0x2C, 0x43, 0x61, 0x6E, 0x6E,
    0x6F, 0x74, 0x20, 0x6F, 0x70, 0x65, 0x6E, 0x20, 0x66, 0x6F, 0x6C, 0x64, 0x65, 0x72, 0x2C, 0xE3,
    0x83, 0x95, 0xE3, 0x82, 0xA9, 0xE3, 0x83, 0xAB, 0xE3, 0x83, 0x80, 0xE3, 0x83, 0xBC, 0xE3, 0x82,
    0x92, 0xE9, 0x96, 0x8B, 0xE3, 0x81, 0x91, 0xE3, 0x81, 0xBE, 0xE3, 0x81, 0x9B, 0xE3, 0x82, 0x93,
    0x0A, 0x74, 0x6F, 0x61, 0x73, 0x74, 0x5F, 0x6F, 0x6E, 0x6C, 0x79, 0x5F, 0x6F, 0x6E, 0x65, 0x2C,
    0x4F, 0x6E, 0x6C, 0x79, 0x20, 0x6F, 0x6E, 0x65, 0x20, 0x69, 0x6D, 0x61, 0x67, 0x65, 0x20, 0x69,
    0x6E, 0x20, 0x74, 0x68, 0x69, 0x73, 0x20, 0x66, 0x6F, 0x6C, 0x64, 0x65, 0x72, 0x2C, 0xE3, 0x81,
    0x93, 0xE3, 0x81, 0xAE, 0xE3, 0x83, 0x95, 0xE3, 0x82, 0xA9, 0xE3, 0x83, 0xAB, 0xE3, 0x83, 0x80,
    0xE3, 0x83, 0xBC, 0xE3, 0x81, 0xAB, 0xE3, 0x81, 0xAF, 0x20, 0x31, 0x20, 0xE6, 0x9E, 0x9A, 0xE3,
    0x81, 0x97, 0xE3, 0x81, 0x8B, 0xE7, 0x94, 0xBB, 0xE5, 0x83, 0x8F, 0xE3, 0x81, 0x8C, 0xE3, 0x81,
    0x82, 0xE3, 0x82, 0x8A, 0xE3, 0x81, 0xBE, 0xE3, 0x81, 0x9B, 0xE3, 0x82, 0x93, 0x0A, 0x74, 0x6F,
    0x61, 0x73, 0x74, 0x5F, 0x6C, 0x61, 0x73, 0x74, 0x2C, 0x41, 0x6C, 0x72, 0x65, 0x61, 0x64, 0x79,
    0x20, 0x61, 0x74, 0x20, 0x74, 0x68, 0x65, 0x20, 0x6C, 0x61, 0x73, 0x74, 0x20, 0x69, 0x6D, 0x61,
    0x67, 0x65, 0x2C, 0xE3, 0x81, 0x99, 0xE3, 0x81, 0xA7, 0xE3, 0x81, 0xAB, 0xE6, 0x9C, 0x80, 0xE5,
    0xBE, 0x8C, 0xE3, 0x81, 0xAE, 0xE7, 0x94, 0xBB, 0xE5, 0x83, 0x8F, 0xE3, 0x81, 0xA7, 0xE3, 0x81,
    0x99, 0x0A, 0x74, 0x6F, 0x61, 0x73, 0x74, 0x5F, 0x66, 0x69, 0x72, 0x73, 0x74, 0x2C, 0x41, 0x6C,
    0x72, 0x65, 0x61, 0x64, 0x79, 0x20, 0x61, 0x74, 0x20, 0x74, 0x68, 0x65, 0x20, 0x66, 0x69, 0x72,
    0x73, 0x74, 0x20, 0x69, 0x6D, 0x61, 0x67, 0x65, 0x2C, 0xE3, 0x81, 0x99, 0xE3, 0x81, 0xA7, 0xE3,
    0x81, 0xAB, 0xE6, 0x9C, 0x80, 0xE5, 0x88, 0x9D, 0xE3, 0x81, 0xAE, 0xE7, 0x94, 0xBB, 0xE5, 0x83,
    0x8F, 0xE3, 0x81, 0xA7, 0xE3, 0x81, 0x99, 0x0A, 0x74, 0x6F, 0x61, 0x73, 0x74, 0x5F, 0x6E, 0x6F,
    0x5F, 0x66, 0x69, 0x6C, 0x65, 0x2C, 0x46, 0x69, 0x6C, 0x65, 0x20, 0x64, 0x6F, 0x65, 0x73, 0x20,
    0x6E, 0x6F, 0x74, 0x20, 0x65, 0x78, 0x69, 0x73, 0x74, 0x2C, 0xE3, 0x83, 0x95, 0xE3, 0x82, 0xA1,
    0xE3, 0x82, 0xA4, 0xE3, 0x83, 0xAB, 0xE3, 0x81, 0x8C, 0xE5, 0xAD, 0x98, 0xE5, 0x9C, 0xA8, 0xE3,
    0x81, 0x97, 0xE3, 0x81, 0xBE, 0xE3, 0x81, 0x9B, 0xE3, 0x82, 0x93, 0x0A, 0x74, 0x6F, 0x61, 0x73,
    0x74, 0x5F, 0x63, 0x61, 0x6E, 0x6E, 0x6F, 0x74, 0x5F, 0x6F, 0x70, 0x65, 0x6E, 0x2C, 0x43, 0x61,
    0x6E, 0x6E, 0x6F, 0x74, 0x20, 0x6F, 0x70, 0x65, 0x6E, 0x3A, 0x20, 0x25, 0x73, 0x2C, 0xE9, 0x96,
    0x8B, 0xE3, 0x81, 0x91, 0xE3, 0x81, 0xBE, 0xE3, 0x81, 0x9B, 0xE3, 0x82, 0x93, 0x3A, 0x20, 0x25,
    0x73, 0x0A, 0x74, 0x6F, 0x61, 0x73, 0x74, 0x5F, 0x61, 0x73, 0x73, 0x6F, 0x63, 0x5F, 0x6F, 0x66,
    0x66, 0x2C, 0x46, 0x69, 0x6C, 0x65, 0x20, 0x61, 0x73, 0x73, 0x6F, 0x63, 0x69, 0x61, 0x74, 0x69,
    0x6F, 0x6E, 0x20, 0x72, 0x65, 0x6D, 0x6F, 0x76, 0x65, 0x64, 0x2C, 0xE3, 0x83, 0x95, 0xE3, 0x82,
    0xA1, 0xE3, 0x82, 0xA4, 0xE3, 0x83, 0xAB, 0xE3, 0x81, 0xAE, 0xE9, 0x96, 0xA2, 0xE9, 0x80, 0xA3,
    0xE4, 0xBB, 0x98, 0xE3, 0x81, 0x91, 0xE3, 0x82, 0x92, 0xE8, 0xA7, 0xA3, 0xE9, 0x99, 0xA4, 0xE3,
    0x81, 0x97, 0xE3, 0x81, 0xBE, 0xE3, 0x81, 0x97, 0xE3, 0x81, 0x9F, 0x0A, 0x74, 0x6F, 0x61, 0x73,
    0x74, 0x5F, 0x61, 0x73, 0x73, 0x6F, 0x63, 0x5F, 0x6F, 0x6E, 0x2C, 0x22, 0x52, 0x65, 0x67, 0x69,
    0x73, 0x74, 0x65, 0x72, 0x65, 0x64, 0x3A, 0x20, 0x4C, 0x69, 0x74, 0x65, 0x56, 0x69, 0x65, 0x77,
    0x20, 0x69, 0x73, 0x20, 0x61, 0x76, 0x61, 0x69, 0x6C, 0x61, 0x62, 0x6C, 0x65, 0x20, 0x69, 0x6E,
    0x20, 0x22, 0x22, 0x4F, 0x70, 0x65, 0x6E, 0x20, 0x77, 0x69, 0x74, 0x68, 0x22, 0x22, 0x22, 0x2C,
    0xE7, 0x99, 0xBB, 0xE9, 0x8C, 0xB2, 0xE3, 0x81, 0x97, 0xE3, 0x81, 0xBE, 0xE3, 0x81, 0x97, 0xE3,
    0x81, 0x9F, 0xEF, 0xBC, 0x9A, 0xE3, 0x80, 0x8C, 0xE3, 0x83, 0x97, 0xE3, 0x83, 0xAD, 0xE3, 0x82,
    0xB0, 0xE3, 0x83, 0xA9, 0xE3, 0x83, 0xA0, 0xE3, 0x81, 0x8B, 0xE3, 0x82, 0x89, 0xE9, 0x96, 0x8B,
    0xE3, 0x81, 0x8F, 0xE3, 0x80, 0x8D, 0xE3, 0x81, 0xA7, 0x20, 0x4C, 0x69, 0x74, 0x65, 0x56, 0x69,
    0x65, 0x77, 0x20, 0xE3, 0x82, 0x92, 0xE9, 0x81, 0xB8, 0xE6, 0x8A, 0x9E, 0xE3, 0x81, 0xA7, 0xE3,
    0x81, 0x8D, 0xE3, 0x81, 0xBE, 0xE3, 0x81, 0x99, 0x0A, 0x74, 0x6F, 0x61, 0x73, 0x74, 0x5F, 0x61,
    0x73, 0x73, 0x6F, 0x63, 0x5F, 0x66, 0x61, 0x69, 0x6C, 0x2C, 0x52, 0x65, 0x67, 0x69, 0x73, 0x74,
    0x72, 0x61, 0x74, 0x69, 0x6F, 0x6E, 0x20, 0x66, 0x61, 0x69, 0x6C, 0x65, 0x64, 0x2C, 0xE7, 0x99,
    0xBB, 0xE9, 0x8C, 0xB2, 0xE3, 0x81, 0xAB, 0xE5, 0xA4, 0xB1, 0xE6, 0x95, 0x97, 0xE3, 0x81, 0x97,
    0xE3, 0x81, 0xBE, 0xE3, 0x81, 0x97, 0xE3, 0x81, 0x9F, 0x0A, 0x74, 0x6F, 0x61, 0x73, 0x74, 0x5F,
    0x64, 0x65, 0x66, 0x61, 0x75, 0x6C, 0x74, 0x73, 0x5F, 0x72, 0x65, 0x73, 0x74, 0x6F, 0x72, 0x65,
    0x64, 0x2C, 0x44, 0x65, 0x66, 0x61, 0x75, 0x6C, 0x74, 0x73, 0x20, 0x72, 0x65, 0x73, 0x74, 0x6F,
    0x72, 0x65, 0x64, 0x2C, 0xE6, 0x97, 0xA2, 0xE5, 0xAE, 0x9A, 0xE3, 0x81, 0xAE, 0xE8, 0xA8, 0xAD,
    0xE5, 0xAE, 0x9A, 0xE3, 0x81, 0xAB, 0xE6, 0x88, 0xBB, 0xE3, 0x81, 0x97, 0xE3, 0x81, 0xBE, 0xE3,
    0x81, 0x97, 0xE3, 0x81, 0x9F, 0x0A, 0x73, 0x65, 0x74, 0x74, 0x69, 0x6E, 0x67, 0x73, 0x5F, 0x74,
    0x69, 0x74, 0x6C, 0x65, 0x2C, 0x53, 0x65, 0x74, 0x74, 0x69, 0x6E, 0x67, 0x73, 0x2C, 0xE8, 0xA8,
    0xAD, 0xE5, 0xAE, 0x9A, 0x0A, 0x73, 0x65, 0x74, 0x74, 0x69, 0x6E, 0x67, 0x73, 0x5F, 0x62, 0x67,
    0x2C, 0x42, 0x61, 0x63, 0x6B, 0x67, 0x72, 0x6F, 0x75, 0x6E, 0x64, 0x20, 0x63, 0x6F, 0x6C, 0x6F,
    0x72, 0x2C, 0xE8, 0x83, 0x8C, 0xE6, 0x99, 0xAF, 0xE8, 0x89, 0xB2, 0x0A, 0x73, 0x65, 0x74, 0x74,
    0x69, 0x6E, 0x67, 0x73, 0x5F, 0x62, 0x67, 0x5F, 0x62, 0x6C, 0x61, 0x63, 0x6B, 0x2C, 0x42, 0x6C,
    0x61, 0x63, 0x6B, 0x2C, 0xE9, 0xBB, 0x92, 0x0A, 0x73, 0x65, 0x74, 0x74, 0x69, 0x6E, 0x67, 0x73,
    0x5F, 0x62, 0x67, 0x5F, 0x64, 0x61, 0x72, 0x6B, 0x2C, 0x44, 0x61, 0x72, 0x6B, 0x20, 0x67, 0x72,
    0x61, 0x79, 0x2C, 0xE6, 0xBF, 0x83, 0xE3, 0x81, 0x84, 0xE3, 0x82, 0xB0, 0xE3, 0x83, 0xAC, 0xE3,
    0x83, 0xBC, 0x0A, 0x73, 0x65, 0x74, 0x74, 0x69, 0x6E, 0x67, 0x73, 0x5F, 0x62, 0x67, 0x5F, 0x6C,
    0x69, 0x67, 0x68, 0x74, 0x2C, 0x4C, 0x69, 0x67, 0x68, 0x74, 0x20, 0x67, 0x72, 0x61, 0x79, 0x2C,
    0xE8, 0x96, 0x84, 0xE3, 0x81, 0x84, 0xE3, 0x82, 0xB0, 0xE3, 0x83, 0xAC, 0xE3, 0x83, 0xBC, 0x0A,
    0x73, 0x65, 0x74, 0x74, 0x69, 0x6E, 0x67, 0x73, 0x5F, 0x62, 0x67, 0x5F, 0x77, 0x68, 0x69, 0x74,
    0x65, 0x2C, 0x57, 0x68, 0x69, 0x74, 0x65, 0x2C, 0xE7, 0x99, 0xBD, 0x0A, 0x73, 0x65, 0x74, 0x74,
    0x69, 0x6E, 0x67, 0x73, 0x5F, 0x66, 0x69, 0x74, 0x5F, 0x6F, 0x6E, 0x5F, 0x6F, 0x70, 0x65, 0x6E,
    0x2C, 0x5A, 0x6F, 0x6F, 0x6D, 0x20, 0x77, 0x68, 0x65, 0x6E, 0x20, 0x6F, 0x70, 0x65, 0x6E, 0x69,
    0x6E, 0x67, 0x20, 0x61, 0x6E, 0x20, 0x69, 0x6D, 0x61, 0x67, 0x65, 0x2C, 0xE7, 0x94, 0xBB, 0xE5,
    0x83, 0x8F, 0xE3, 0x82, 0x92, 0xE9, 0x96, 0x8B, 0xE3, 0x81, 0x84, 0xE3, 0x81, 0x9F, 0xE3, 0x81,
    0xA8, 0xE3, 0x81, 0x8D, 0xE3, 0x81, 0xAE, 0xE3, 0x82, 0xBA, 0xE3, 0x83, 0xBC, 0xE3, 0x83, 0xA0,
    0x0A, 0x73, 0x65, 0x74, 0x74, 0x69, 0x6E, 0x67, 0x73, 0x5F, 0x66, 0x69, 0x74, 0x2C, 0x46, 0x69,
    0x74, 0x20, 0x74, 0x6F, 0x20, 0x77, 0x69, 0x6E, 0x64, 0x6F, 0x77, 0x2C, 0xE3, 0x82, 0xA6, 0xE3,
    0x82, 0xA3, 0xE3, 0x83, 0xB3, 0xE3, 0x83, 0x89, 0xE3, 0x82, 0xA6, 0xE3, 0x81, 0xAB, 0xE5, 0x90,
    0x88, 0xE3, 0x82, 0x8F, 0xE3, 0x81, 0x9B, 0xE3, 0x82, 0x8B, 0x0A, 0x73, 0x65, 0x74, 0x74, 0x69,
    0x6E, 0x67, 0x73, 0x5F, 0x61, 0x63, 0x74, 0x75, 0x61, 0x6C, 0x2C, 0x41, 0x63, 0x74, 0x75, 0x61,
    0x6C, 0x20, 0x73, 0x69, 0x7A, 0x65, 0x2C, 0xE5, 0x85, 0x83, 0xE3, 0x81, 0xAE, 0xE3, 0x82, 0xB5,
    0xE3, 0x82, 0xA4, 0xE3, 0x82, 0xBA, 0x0A, 0x73, 0x65, 0x74, 0x74, 0x69, 0x6E, 0x67, 0x73, 0x5F,
    0x66, 0x69, 0x74, 0x5F, 0x6C, 0x61, 0x73, 0x74, 0x2C, 0x52, 0x65, 0x6D, 0x65, 0x6D, 0x62, 0x65,
    0x72, 0x20, 0x6C, 0x61, 0x73, 0x74, 0x2C, 0xE5, 0x89, 0x8D, 0xE5, 0x9B, 0x9E, 0xE3, 0x81, 0xAE,
    0xE8, 0xA8, 0xAD, 0xE5, 0xAE, 0x9A, 0xE3, 0x82, 0x92, 0xE8, 0xA8, 0x98, 0xE6, 0x86, 0xB6, 0x0A,
    0x73, 0x65, 0x74, 0x74, 0x69, 0x6E, 0x67, 0x73, 0x5F, 0x69, 0x6E, 0x74, 0x65, 0x72, 0x70, 0x2C,
    0x5A, 0x6F, 0x6F, 0x6D, 0x20, 0x69, 0x6E, 0x74, 0x65, 0x72, 0x70, 0x6F, 0x6C, 0x61, 0x74, 0x69,
    0x6F, 0x6E, 0x20, 0x28, 0x61, 0x62, 0x6F, 0x76, 0x65, 0x20, 0x31, 0x30, 0x30, 0x25, 0x29, 0x2C,
    0xE6, 0x8B, 0xA1, 0xE5, 0xA4, 0xA7, 0xE6, 0x99, 0x82, 0xE3, 0x81, 0xAE, 0xE8, 0xA3, 0x9C, 0xE9,
    0x96, 0x93, 0xEF, 0xBC, 0x88, 0x31, 0x30, 0x30, 0x25, 0x20, 0xE8, 0xB6, 0x85, 0xEF, 0xBC, 0x89,
    0x0A, 0x73, 0x65, 0x74, 0x74, 0x69, 0x6E, 0x67, 0x73, 0x5F, 0x69, 0x6E, 0x74, 0x65, 0x72, 0x70,
    0x5F, 0x73, 0x6D, 0x6F, 0x6F, 0x74, 0x68, 0x2C, 0x53, 0x6D, 0x6F, 0x6F, 0x74, 0x68, 0x20, 0x28,
    0x62, 0x69, 0x6C, 0x69, 0x6E, 0x65, 0x61, 0x72, 0x29, 0x2C, 0xE6, 0xBB, 0x91, 0xE3, 0x82, 0x89,
    0xE3, 0x81, 0x8B, 0xEF, 0xBC, 0x88, 0xE3, 0x83, 0x90, 0xE3, 0x82, 0xA4, 0xE3, 0x83, 0xAA, 0xE3,
    0x83, 0x8B, 0xE3, 0x82, 0xA2, 0xEF, 0xBC, 0x89, 0x0A, 0x73, 0x65, 0x74, 0x74, 0x69, 0x6E, 0x67,
    0x73, 0x5F, 0x69, 0x6E, 0x74, 0x65, 0x72, 0x70, 0x5F, 0x73, 0x68, 0x61, 0x72, 0x70, 0x2C, 0x53,
    0x68, 0x61, 0x72, 0x70, 0x20, 0x28, 0x6E, 0x65, 0x61, 0x72, 0x65, 0x73, 0x74, 0x29, 0x2C, 0xE3,
    0x82, 0xB7, 0xE3, 0x83, 0xA3, 0xE3, 0x83, 0xBC, 0xE3, 0x83, 0x97, 0xEF, 0xBC, 0x88, 0xE6, 0x9C,
    0x80, 0xE8, 0xBF, 0x91, 0xE5, 0x82, 0x8D, 0xEF, 0xBC, 0x89, 0x0A, 0x73, 0x65, 0x74, 0x74, 0x69,
    0x6E, 0x67, 0x73, 0x5F, 0x65, 0x78, 0x69, 0x66, 0x5F, 0x72, 0x6F, 0x74, 0x61, 0x74, 0x65, 0x2C,
    0x41, 0x75, 0x74, 0x6F, 0x2D, 0x63, 0x6F, 0x72, 0x72, 0x65, 0x63, 0x74, 0x20, 0x62, 0x79, 0x20,
    0x45, 0x58, 0x49, 0x46, 0x20, 0x6F, 0x72, 0x69, 0x65, 0x6E, 0x74, 0x61, 0x74, 0x69, 0x6F, 0x6E,
    0x2C, 0x45, 0x58, 0x49, 0x46, 0x20, 0xE3, 0x81, 0xAE, 0xE5, 0x90, 0x91, 0xE3, 0x81, 0x8D, 0xE3,
    0x81, 0xA7, 0xE8, 0x87, 0xAA, 0xE5, 0x8B, 0x95, 0xE8, 0xA3, 0x9C, 0xE6, 0xAD, 0xA3, 0x0A, 0x73,
    0x65, 0x74, 0x74, 0x69, 0x6E, 0x67, 0x73, 0x5F, 0x73, 0x6C, 0x69, 0x64, 0x65, 0x5F, 0x69, 0x6E,
    0x74, 0x65, 0x72, 0x76, 0x61, 0x6C, 0x2C, 0x53, 0x6C, 0x69, 0x64, 0x65, 0x73, 0x68, 0x6F, 0x77,
    0x20, 0x69, 0x6E, 0x74, 0x65, 0x72, 0x76, 0x61, 0x6C, 0x2C, 0xE3, 0x82, 0xB9, 0xE3, 0x83, 0xA9,
    0xE3, 0x82, 0xA4, 0xE3, 0x83, 0x89, 0xE3, 0x82, 0xB7, 0xE3, 0x83, 0xA7, 0xE3, 0x83, 0xBC, 0xE3,
    0x81, 0xAE, 0xE9, 0x96, 0x93, 0xE9, 0x9A, 0x94, 0x0A, 0x73, 0x65, 0x74, 0x74, 0x69, 0x6E, 0x67,
    0x73, 0x5F, 0x73, 0x6C, 0x69, 0x64, 0x65, 0x5F, 0x6C, 0x6F, 0x6F, 0x70, 0x2C, 0x53, 0x6C, 0x69,
    0x64, 0x65, 0x73, 0x68, 0x6F, 0x77, 0x20, 0x6C, 0x6F, 0x6F, 0x70, 0x2C, 0xE3, 0x82, 0xB9, 0xE3,
    0x83, 0xA9, 0xE3, 0x82, 0xA4, 0xE3, 0x83, 0x89, 0xE3, 0x82, 0xB7, 0xE3, 0x83, 0xA7, 0xE3, 0x83,
    0xBC, 0xE3, 0x82, 0x92, 0xE7, 0xB9, 0xB0, 0xE3, 0x82, 0x8A, 0xE8, 0xBF, 0x94, 0xE3, 0x81, 0x99,
    0x0A, 0x73, 0x65, 0x74, 0x74, 0x69, 0x6E, 0x67, 0x73, 0x5F, 0x72, 0x65, 0x6D, 0x65, 0x6D, 0x62,
    0x65, 0x72, 0x5F, 0x64, 0x69, 0x72, 0x2C, 0x52, 0x65, 0x6D, 0x65, 0x6D, 0x62, 0x65, 0x72, 0x20,
    0x6C, 0x61, 0x73, 0x74, 0x20, 0x66, 0x6F, 0x6C, 0x64, 0x65, 0x72, 0x2C, 0xE5, 0x89, 0x8D, 0xE5,
    0x9B, 0x9E, 0xE3, 0x81, 0xAE, 0xE3, 0x83, 0x95, 0xE3, 0x82, 0xA9, 0xE3, 0x83, 0xAB, 0xE3, 0x83,
    0x80, 0xE3, 0x83, 0xBC, 0xE3, 0x82, 0x92, 0xE8, 0xA8, 0x98, 0xE6, 0x86, 0xB6, 0x0A, 0x73, 0x65,
    0x74, 0x74, 0x69, 0x6E, 0x67, 0x73, 0x5F, 0x6D, 0x61, 0x78, 0x69, 0x6D, 0x69, 0x7A, 0x65, 0x64,
    0x2C, 0x53, 0x74, 0x61, 0x72, 0x74, 0x20, 0x6D, 0x61, 0x78, 0x69, 0x6D, 0x69, 0x7A, 0x65, 0x64,
    0x2C, 0xE8, 0xB5, 0xB7, 0xE5, 0x8B, 0x95, 0xE6, 0x99, 0x82, 0xE3, 0x81, 0xAB, 0xE6, 0x9C, 0x80,
    0xE5, 0xA4, 0xA7, 0xE5, 0x8C, 0x96, 0x0A, 0x73, 0x65, 0x74, 0x74, 0x69, 0x6E, 0x67, 0x73, 0x5F,
    0x74, 0x6F, 0x70, 0x6D, 0x6F, 0x73, 0x74, 0x2C, 0x41, 0x6C, 0x77, 0x61, 0x79, 0x73, 0x20, 0x6F,
    0x6E, 0x20, 0x74, 0x6F, 0x70, 0x2C, 0xE5, 0xB8, 0xB8, 0xE3, 0x81, 0xAB, 0xE6, 0x9C, 0x80, 0xE5,
    0x89, 0x8D, 0xE9, 0x9D, 0xA2, 0x0A, 0x73, 0x65, 0x74, 0x74, 0x69, 0x6E, 0x67, 0x73, 0x5F, 0x6C,
    0x6F, 0x6F, 0x70, 0x5F, 0x66, 0x69, 0x6C, 0x65, 0x73, 0x2C, 0x4C, 0x6F, 0x6F, 0x70, 0x20, 0x61,
    0x66, 0x74, 0x65, 0x72, 0x20, 0x6C, 0x61, 0x73, 0x74, 0x20, 0x69, 0x6D, 0x61, 0x67, 0x65, 0x2C,
    0xE6, 0x9C, 0x80, 0xE5, 0xBE, 0x8C, 0xE3, 0x81, 0xAE, 0xE7, 0x94, 0xBB, 0xE5, 0x83, 0x8F, 0xE3,
    0x81, 0xAE, 0xE5, 0xBE, 0x8C, 0xE3, 0x81, 0xA7, 0xE5, 0x85, 0x88, 0xE9, 0xA0, 0xAD, 0xE3, 0x81,
    0xAB, 0xE6, 0x88, 0xBB, 0xE3, 0x82, 0x8B, 0x0A, 0x73, 0x65, 0x74, 0x74, 0x69, 0x6E, 0x67, 0x73,
    0x5F, 0x6C, 0x61, 0x6E, 0x67, 0x75, 0x61, 0x67, 0x65, 0x2C, 0x4C, 0x61, 0x6E, 0x67, 0x75, 0x61,
    0x67, 0x65, 0x2C, 0xE8, 0xA8, 0x80, 0xE8, 0xAA, 0x9E, 0x0A, 0x73, 0x65, 0x74, 0x74, 0x69, 0x6E,
    0x67, 0x73, 0x5F, 0x6C, 0x61, 0x6E, 0x67, 0x75, 0x61, 0x67, 0x65, 0x5F, 0x61, 0x75, 0x74, 0x6F,
    0x2C, 0x41, 0x75, 0x74, 0x6F, 0x20, 0x28, 0x66, 0x6F, 0x6C, 0x6C, 0x6F, 0x77, 0x20, 0x73, 0x79,
    0x73, 0x74, 0x65, 0x6D, 0x29, 0x2C, 0xE8, 0x87, 0xAA, 0xE5, 0x8B, 0x95, 0xEF, 0xBC, 0x88, 0xE3,
    0x82, 0xB7, 0xE3, 0x82, 0xB9, 0xE3, 0x83, 0x86, 0xE3, 0x83, 0xA0, 0xE3, 0x81, 0xAB, 0xE5, 0xBE,
    0x93, 0xE3, 0x81, 0x86, 0xEF, 0xBC, 0x89, 0x0A, 0x73, 0x65, 0x74, 0x74, 0x69, 0x6E, 0x67, 0x73,
    0x5F, 0x6C, 0x61, 0x6E, 0x67, 0x75, 0x61, 0x67, 0x65, 0x5F, 0x65, 0x6E, 0x2C, 0x45, 0x6E, 0x67,
    0x6C, 0x69, 0x73, 0x68, 0x2C, 0xE8, 0x8B, 0xB1, 0xE8, 0xAA, 0x9E, 0x0A, 0x73, 0x65, 0x74, 0x74,
    0x69, 0x6E, 0x67, 0x73, 0x5F, 0x61, 0x73, 0x73, 0x6F, 0x63, 0x2C, 0x22, 0x46, 0x69, 0x6C, 0x65,
    0x20, 0x61, 0x73, 0x73, 0x6F, 0x63, 0x69, 0x61, 0x74, 0x69, 0x6F, 0x6E, 0x20, 0x28, 0x61, 0x64,
    0x64, 0x20, 0x74, 0x6F, 0x20, 0x22, 0x22, 0x4F, 0x70, 0x65, 0x6E, 0x20, 0x77, 0x69, 0x74, 0x68,
    0x22, 0x22, 0x29, 0x22, 0x2C, 0xE3, 0x83, 0x95, 0xE3, 0x82, 0xA1, 0xE3, 0x82, 0xA4, 0xE3, 0x83,
    0xAB, 0xE3, 0x81, 0xAE, 0xE9, 0x96, 0xA2, 0xE9, 0x80, 0xA3, 0xE4, 0xBB, 0x98, 0xE3, 0x81, 0x91,
    0xEF, 0xBC, 0x88, 0xE3, 0x80, 0x8C, 0xE3, 0x83, 0x97, 0xE3, 0x83, 0xAD, 0xE3, 0x82, 0xB0, 0xE3,
    0x83, 0xA9, 0xE3, 0x83, 0xA0, 0xE3, 0x81, 0x8B, 0xE3, 0x82, 0x89, 0xE9, 0x96, 0x8B, 0xE3, 0x81,
    0x8F, 0xE3, 0x80, 0x8D, 0xE3, 0x81, 0xAB, 0xE8, 0xBF, 0xBD, 0xE5, 0x8A, 0xA0, 0xEF, 0xBC, 0x89,
    0x0A, 0x73, 0x65, 0x74, 0x74, 0x69, 0x6E, 0x67, 0x73, 0x5F, 0x61, 0x73, 0x73, 0x6F, 0x63, 0x5F,
    0x6F, 0x6E, 0x2C, 0x52, 0x65, 0x67, 0x69, 0x73, 0x74, 0x65, 0x72, 0x65, 0x64, 0x20, 0xC2, 0xB7,
    0x20, 0x63, 0x6C, 0x69, 0x63, 0x6B, 0x20, 0x74, 0x6F, 0x20, 0x72, 0x65, 0x6D, 0x6F, 0x76, 0x65,
    0x2C, 0xE7, 0x99, 0xBB, 0xE9, 0x8C, 0xB2, 0xE6, 0xB8, 0x88, 0xE3, 0x81, 0xBF, 0x20, 0xC2, 0xB7,
    0x20, 0xE3, 0x82, 0xAF, 0xE3, 0x83, 0xAA, 0xE3, 0x83, 0x83, 0xE3, 0x82, 0xAF, 0xE3, 0x81, 0xA7,
    0xE8, 0xA7, 0xA3, 0xE9, 0x99, 0xA4, 0x0A, 0x73, 0x65, 0x74, 0x74, 0x69, 0x6E, 0x67, 0x73, 0x5F,
    0x61, 0x73, 0x73, 0x6F, 0x63, 0x5F, 0x6F, 0x66, 0x66, 0x2C, 0x4E, 0x6F, 0x74, 0x20, 0x72, 0x65,
    0x67, 0x69, 0x73, 0x74, 0x65, 0x72, 0x65, 0x64, 0x20, 0xC2, 0xB7, 0x20, 0x63, 0x6C, 0x69, 0x63,
    0x6B, 0x20, 0x74, 0x6F, 0x20, 0x72, 0x65, 0x67, 0x69, 0x73, 0x74, 0x65, 0x72, 0x2C, 0xE6, 0x9C,
    0xAA, 0xE7, 0x99, 0xBB, 0xE9, 0x8C, 0xB2, 0x20, 0xC2, 0xB7, 0x20, 0xE3, 0x82, 0xAF, 0xE3, 0x83,
    0xAA, 0xE3, 0x83, 0x83, 0xE3, 0x82, 0xAF, 0xE3, 0x81, 0xA7, 0xE7, 0x99, 0xBB, 0xE9, 0x8C, 0xB2,
    0x0A, 0x73, 0x65, 0x74, 0x74, 0x69, 0x6E, 0x67, 0x73, 0x5F, 0x72, 0x65, 0x73, 0x65, 0x74, 0x2C,
    0x52, 0x65, 0x73, 0x65, 0x74, 0x20, 0x74, 0x6F, 0x20, 0x64, 0x65, 0x66, 0x61, 0x75, 0x6C, 0x74,
    0x73, 0x2C, 0xE6, 0x97, 0xA2, 0xE5, 0xAE, 0x9A, 0xE3, 0x81, 0xAE, 0xE8, 0xA8, 0xAD, 0xE5, 0xAE,
    0x9A, 0xE3, 0x81, 0xAB, 0xE6, 0x88, 0xBB, 0xE3, 0x81, 0x99, 0x0A, 0x73, 0x65, 0x74, 0x74, 0x69,
    0x6E, 0x67, 0x73, 0x5F, 0x63, 0x6C, 0x6F, 0x73, 0x65, 0x2C, 0x43, 0x6C, 0x6F, 0x73, 0x65, 0x20,
    0x73, 0x65, 0x74, 0x74, 0x69, 0x6E, 0x67, 0x73, 0x2C, 0xE8, 0xA8, 0xAD, 0xE5, 0xAE, 0x9A, 0xE3,
    0x82, 0x92, 0xE9, 0x96, 0x89, 0xE3, 0x81, 0x98, 0xE3, 0x82, 0x8B, 0x0A, 0x73, 0x65, 0x74, 0x74,
    0x69, 0x6E, 0x67, 0x73, 0x5F, 0x66, 0x6F, 0x6F, 0x74, 0x65, 0x72, 0x2C, 0x43, 0x6C, 0x69, 0x63,
    0x6B, 0x20, 0x61, 0x20, 0x72, 0x6F, 0x77, 0x20, 0x74, 0x6F, 0x20, 0x63, 0x68, 0x61, 0x6E, 0x67,
    0x65, 0x20, 0xC2, 0xB7, 0x20, 0x53, 0x65, 0x74, 0x74, 0x69, 0x6E, 0x67, 0x73, 0x20, 0x73, 0x61,
    0x76, 0x65, 0x64, 0x20, 0x74, 0x6F, 0x20, 0x25, 0x73, 0x2C, 0xE9, 0xA0, 0x85, 0xE7, 0x9B, 0xAE,
    0xE3, 0x82, 0x92, 0xE3, 0x82, 0xAF, 0xE3, 0x83, 0xAA, 0xE3, 0x83, 0x83, 0xE3, 0x82, 0xAF, 0xE3,
    0x81, 0x97, 0xE3, 0x81, 0xA6, 0xE5, 0xA4, 0x89, 0xE6, 0x9B, 0xB4, 0x20, 0xC2, 0xB7, 0x20, 0xE8,
    0xA8, 0xAD, 0xE5, 0xAE, 0x9A, 0xE3, 0x81, 0xAF, 0x20, 0x25, 0x73, 0x20, 0xE3, 0x81, 0xAB, 0xE4,
    0xBF, 0x9D, 0xE5, 0xAD, 0x98, 0xE3, 0x81, 0x95, 0xE3, 0x82, 0x8C, 0xE3, 0x81, 0xBE, 0xE3, 0x81,
    0x99, 0x0A, 0x73, 0x65, 0x74, 0x74, 0x69, 0x6E, 0x67, 0x73, 0x5F, 0x6F, 0x6E, 0x2C, 0x4F, 0x6E,
    0x2C, 0xE3, 0x82, 0xAA, 0xE3, 0x83, 0xB3, 0x0A, 0x73, 0x65, 0x74, 0x74, 0x69, 0x6E, 0x67, 0x73,
    0x5F, 0x6F, 0x66, 0x66, 0x2C, 0x4F, 0x66, 0x66, 0x2C, 0xE3, 0x82, 0xAA, 0xE3, 0x83, 0x95, 0x0A,
    0x73, 0x65, 0x74, 0x74, 0x69, 0x6E, 0x67, 0x73, 0x5F, 0x73, 0x65, 0x63, 0x6F, 0x6E, 0x64, 0x73,
    0x2C, 0x25, 0x64, 0x20, 0x73, 0x2C, 0x25, 0x64, 0x20, 0xE7, 0xA7, 0x92, 0x0A, 0x63, 0x6C, 0x69,
    0x5F, 0x61, 0x73, 0x73, 0x6F, 0x63, 0x5F, 0x72, 0x65, 0x67, 0x69, 0x73, 0x74, 0x65, 0x72, 0x65,
    0x64, 0x2C, 0x22, 0x46, 0x69, 0x6C, 0x65, 0x20, 0x61, 0x73, 0x73, 0x6F, 0x63, 0x69, 0x61, 0x74,
    0x69, 0x6F, 0x6E, 0x20, 0x72, 0x65, 0x67, 0x69, 0x73, 0x74, 0x65, 0x72, 0x65, 0x64, 0x2E, 0x5C,
    0x6E, 0x5C, 0x6E, 0x54, 0x69, 0x70, 0x3A, 0x20, 0x4F, 0x6E, 0x20, 0x57, 0x69, 0x6E, 0x64, 0x6F,
    0x77, 0x73, 0x20, 0x31, 0x30, 0x2F, 0x31, 0x31, 0x2C, 0x20, 0x74, 0x6F, 0x20, 0x73, 0x65, 0x74,
    0x20, 0x69, 0x74, 0x20, 0x61, 0x73, 0x20, 0x74, 0x68, 0x65, 0x20, 0x64, 0x65, 0x66, 0x61, 0x75,
    0x6C, 0x74, 0x20, 0x61, 0x70, 0x70, 0x2C, 0x20, 0x63, 0x6F, 0x6E, 0x66, 0x69, 0x72, 0x6D, 0x20,
    0x76, 0x69, 0x61, 0x5C, 0x6E, 0x22, 0x22, 0x4F, 0x70, 0x65, 0x6E, 0x20, 0x77, 0x69, 0x74, 0x68,
    0x20, 0xE2, 0x86, 0x92, 0x20, 0x43, 0x68, 0x6F, 0x6F, 0x73, 0x65, 0x20, 0x61, 0x6E, 0x6F, 0x74,
    0x68, 0x65, 0x72, 0x20, 0x61, 0x70, 0x70, 0x20, 0xE2, 0x86, 0x92, 0x20, 0x4C, 0x69, 0x74, 0x65,
    0x56, 0x69, 0x65, 0x77, 0x20, 0xE2, 0x86, 0x92, 0x20, 0x41, 0x6C, 0x77, 0x61, 0x79, 0x73, 0x20,
    0x75, 0x73, 0x65, 0x22, 0x22, 0x2E, 0x22, 0x2C, 0xE3, 0x83, 0x95, 0xE3, 0x82, 0xA1, 0xE3, 0x82,
    0xA4, 0xE3, 0x83, 0xAB, 0xE3, 0x81, 0xAE, 0xE9, 0x96, 0xA2, 0xE9, 0x80, 0xA3, 0xE4, 0xBB, 0x98,
    0xE3, 0x81, 0x91, 0xE3, 0x82, 0x92, 0xE7, 0x99, 0xBB, 0xE9, 0x8C, 0xB2, 0xE3, 0x81, 0x97, 0xE3,
    0x81, 0xBE, 0xE3, 0x81, 0x97, 0xE3, 0x81, 0x9F, 0xE3, 0x80, 0x82, 0x5C, 0x6E, 0x5C, 0x6E, 0xE3,
    0x83, 0x92, 0xE3, 0x83, 0xB3, 0xE3, 0x83, 0x88, 0x3A, 0x20, 0x57, 0x69, 0x6E, 0x64, 0x6F, 0x77,
    0x73, 0x20, 0x31, 0x30, 0x2F, 0x31, 0x31, 0x20, 0xE3, 0x81, 0xA7, 0xE6, 0x97, 0xA2, 0xE5, 0xAE,
    0x9A, 0xE3, 0x81, 0xAE, 0xE3, 0x82, 0xA2, 0xE3, 0x83, 0x97, 0xE3, 0x83, 0xAA, 0xE3, 0x81, 0xAB,
    0xE8, 0xA8, 0xAD, 0xE5, 0xAE, 0x9A, 0xE3, 0x81, 0x99, 0xE3, 0x82, 0x8B, 0xE3, 0x81, 0xAB, 0xE3,
    0x81, 0xAF, 0xE3, 0x80, 0x81, 0x5C, 0x6E, 0xE3, 0x80, 0x8C, 0xE3, 0x83, 0x97, 0xE3, 0x83, 0xAD,
    0xE3, 0x82, 0xB0, 0xE3, 0x83, 0xA9, 0xE3, 0x83, 0xA0, 0xE3, 0x81, 0x8B, 0xE3, 0x82, 0x89, 0xE9,
    0x96, 0x8B, 0xE3, 0x81, 0x8F, 0x20, 0xE2, 0x86, 0x92, 0x20, 0xE5, 0x88, 0xA5, 0xE3, 0x81, 0xAE,
    0xE3, 0x82, 0xA2, 0xE3, 0x83, 0x97, 0xE3, 0x83, 0xAA, 0xE3, 0x82, 0x92, 0xE9, 0x81, 0xB8, 0xE3,
    0x81, 0xB6, 0x20, 0xE2, 0x86, 0x92, 0x20, 0x4C, 0x69, 0x74, 0x65, 0x56, 0x69, 0x65, 0x77, 0x20,
    0xE2, 0x86, 0x92, 0x20, 0xE5, 0xB8, 0xB8, 0xE3, 0x81, 0xAB, 0xE4, 0xBD, 0xBF, 0xE7, 0x94, 0xA8,
    0xE3, 0x81, 0x99, 0xE3, 0x82, 0x8B, 0xE3, 0x80, 0x8D, 0xE3, 0x81, 0xA7, 0xE7, 0xA2, 0xBA, 0xE5,
    0xAE, 0x9A, 0xE3, 0x81, 0x97, 0xE3, 0x81, 0xA6, 0xE3, 0x81, 0x8F, 0xE3, 0x81, 0xA0, 0xE3, 0x81,
    0x95, 0xE3, 0x81, 0x84, 0xE3, 0x80, 0x82, 0x0A, 0x63, 0x6C, 0x69, 0x5F, 0x61, 0x73, 0x73, 0x6F,
    0x63, 0x5F, 0x72, 0x65, 0x6D, 0x6F, 0x76, 0x65, 0x64, 0x2C, 0x46, 0x69, 0x6C, 0x65, 0x20, 0x61,
    0x73, 0x73, 0x6F, 0x63, 0x69, 0x61, 0x74, 0x69, 0x6F, 0x6E, 0x20, 0x72, 0x65, 0x6D, 0x6F, 0x76,
    0x65, 0x64, 0x2E, 0x2C, 0xE3, 0x83, 0x95, 0xE3, 0x82, 0xA1, 0xE3, 0x82, 0xA4, 0xE3, 0x83, 0xAB,
    0xE3, 0x81, 0xAE, 0xE9, 0x96, 0xA2, 0xE9, 0x80, 0xA3, 0xE4, 0xBB, 0x98, 0xE3, 0x81, 0x91, 0xE3,
    0x82, 0x92, 0xE8, 0xA7, 0xA3, 0xE9, 0x99, 0xA4, 0xE3, 0x81, 0x97, 0xE3, 0x81, 0xBE, 0xE3, 0x81,
    0x97, 0xE3, 0x81, 0x9F, 0xE3, 0x80, 0x82, 0x0A, 0x63, 0x6C, 0x69, 0x5F, 0x6F, 0x70, 0x65, 0x72,
    0x61, 0x74, 0x69, 0x6F, 0x6E, 0x5F, 0x66, 0x61, 0x69, 0x6C, 0x65, 0x64, 0x2C, 0x4F, 0x70, 0x65,
    0x72, 0x61, 0x74, 0x69, 0x6F, 0x6E, 0x20, 0x66, 0x61, 0x69, 0x6C, 0x65, 0x64, 0x2C, 0xE6, 0x93,
    0x8D, 0xE4, 0xBD, 0x9C, 0xE3, 0x81, 0xAB, 0xE5, 0xA4, 0xB1, 0xE6, 0x95, 0x97, 0xE3, 0x81, 0x97,
    0xE3, 0x81, 0xBE, 0xE3, 0x81, 0x97, 0xE3, 0x81, 0x9F, 0x0A, 0x61, 0x73, 0x73, 0x6F, 0x63, 0x5F,
    0x66, 0x72, 0x69, 0x65, 0x6E, 0x64, 0x6C, 0x79, 0x5F, 0x6E, 0x61, 0x6D, 0x65, 0x2C, 0x4C, 0x69,
    0x74, 0x65, 0x56, 0x69, 0x65, 0x77, 0x20, 0x49, 0x6D, 0x61, 0x67, 0x65, 0x2C, 0x4C, 0x69, 0x74,
    0x65, 0x56, 0x69, 0x65, 0x77, 0x20, 0xE7, 0x94, 0xBB, 0xE5, 0x83, 0x8F, 0x0A, 0x65, 0x72, 0x72,
    0x5F, 0x61, 0x73, 0x73, 0x6F, 0x63, 0x5F, 0x70, 0x72, 0x6F, 0x67, 0x69, 0x64, 0x2C, 0x46, 0x61,
    0x69, 0x6C, 0x65, 0x64, 0x20, 0x74, 0x6F, 0x20, 0x77, 0x72, 0x69, 0x74, 0x65, 0x20, 0x50, 0x72,
    0x6F, 0x67, 0x49, 0x44, 0x2C, 0x50, 0x72, 0x6F, 0x67, 0x49, 0x44, 0x20, 0xE3, 0x81, 0xAE, 0xE6,
    0x9B, 0xB8, 0xE3, 0x81, 0x8D, 0xE8, 0xBE, 0xBC, 0xE3, 0x81, 0xBF, 0xE3, 0x81, 0xAB, 0xE5, 0xA4,
    0xB1, 0xE6, 0x95, 0x97, 0xE3, 0x81, 0x97, 0xE3, 0x81, 0xBE, 0xE3, 0x81, 0x97, 0xE3, 0x81, 0x9F,
    0x0A, 0x65, 0x72, 0x72, 0x5F, 0x61, 0x73, 0x73, 0x6F, 0x63, 0x5F, 0x64, 0x65, 0x66, 0x61, 0x75,
    0x6C, 0x74, 0x2C, 0x46, 0x61, 0x69, 0x6C, 0x65, 0x64, 0x20, 0x74, 0x6F, 0x20, 0x73, 0x65, 0x74,
    0x20, 0x74, 0x68, 0x65, 0x20, 0x64, 0x65, 0x66, 0x61, 0x75, 0x6C, 0x74, 0x20, 0x61, 0x73, 0x73,
    0x6F, 0x63, 0x69, 0x61, 0x74, 0x69, 0x6F, 0x6E, 0x20, 0x28, 0x70, 0x6F, 0x73, 0x73, 0x69, 0x62,
    0x6C, 0x79, 0x20, 0x72, 0x65, 0x73, 0x74, 0x72, 0x69, 0x63, 0x74, 0x65, 0x64, 0x20, 0x62, 0x79,
    0x20, 0x70, 0x6F, 0x6C, 0x69, 0x63, 0x79, 0x29, 0x2C, 0xE6, 0x97, 0xA2, 0xE5, 0xAE, 0x9A, 0xE3,
    0x81, 0xAE, 0xE9, 0x96, 0xA2, 0xE9, 0x80, 0xA3, 0xE4, 0xBB, 0x98, 0xE3, 0x81, 0x91, 0xE3, 0x81,
    0xAE, 0xE8, 0xA8, 0xAD, 0xE5, 0xAE, 0x9A, 0xE3, 0x81, 0xAB, 0xE5, 0xA4, 0xB1, 0xE6, 0x95, 0x97,
    0xE3, 0x81, 0x97, 0xE3, 0x81, 0xBE, 0xE3, 0x81, 0x97, 0xE3, 0x81, 0x9F, 0xEF, 0xBC, 0x88, 0xE3,
    0x83, 0x9D, 0xE3, 0x83, 0xAA, 0xE3, 0x82, 0xB7, 0xE3, 0x83, 0xBC, 0xE3, 0x81, 0xA7, 0xE5, 0x88,
    0xB6, 0xE9, 0x99, 0x90, 0xE3, 0x81, 0x95, 0xE3, 0x82, 0x8C, 0xE3, 0x81, 0xA6, 0xE3, 0x81, 0x84,
    0xE3, 0x82, 0x8B, 0xE5, 0x8F, 0xAF, 0xE8, 0x83, 0xBD, 0xE6, 0x80, 0xA7, 0xE3, 0x81, 0x8C, 0xE3,
    0x81, 0x82, 0xE3, 0x82, 0x8A, 0xE3, 0x81, 0xBE, 0xE3, 0x81, 0x99, 0xEF, 0xBC, 0x89, 0x0A, 0x65,
    0x72, 0x72, 0x5F, 0x61, 0x73, 0x73, 0x6F, 0x63, 0x5F, 0x77, 0x69, 0x6E, 0x64, 0x6F, 0x77, 0x73,
    0x5F, 0x6F, 0x6E, 0x6C, 0x79, 0x2C, 0x57, 0x69, 0x6E, 0x64, 0x6F, 0x77, 0x73, 0x20, 0x6F, 0x6E,
    0x6C, 0x79, 0x2C, 0x57, 0x69, 0x6E, 0x64, 0x6F, 0x77, 0x73, 0x20, 0xE3, 0x81, 0xAE, 0xE3, 0x81,
    0xBF, 0xE5, 0xAF, 0xBE, 0xE5, 0xBF, 0x9C, 0x0A, 0x65, 0x72, 0x72, 0x5F, 0x66, 0x69, 0x6C, 0x65,
    0x5F, 0x74, 0x6F, 0x6F, 0x5F, 0x73, 0x6D, 0x61, 0x6C, 0x6C, 0x2C, 0x46, 0x69, 0x6C, 0x65, 0x20,
    0x74, 0x6F, 0x6F, 0x20, 0x73, 0x6D, 0x61, 0x6C, 0x6C, 0x20, 0x74, 0x6F, 0x20, 0x62, 0x65, 0x20,
    0x61, 0x20, 0x76, 0x61, 0x6C, 0x69, 0x64, 0x20, 0x69, 0x6D, 0x61, 0x67, 0x65, 0x2C, 0xE3, 0x83,
    0x95, 0xE3, 0x82, 0xA1, 0xE3, 0x82, 0xA4, 0xE3, 0x83, 0xAB, 0xE3, 0x81, 0x8C, 0xE5, 0xB0, 0x8F,
    0xE3, 0x81, 0x95, 0xE3, 0x81, 0x99, 0xE3, 0x81, 0x8E, 0xE3, 0x81, 0xA6, 0xE6, 0x9C, 0x89, 0xE5,
    0x8A, 0xB9, 0xE3, 0x81, 0xAA, 0xE7, 0x94, 0xBB, 0xE5, 0x83, 0x8F, 0xE3, 0x81, 0xA7, 0xE3, 0x81,
    0xAF, 0xE3, 0x81, 0x82, 0xE3, 0x82, 0x8A, 0xE3, 0x81, 0xBE, 0xE3, 0x81, 0x9B, 0xE3, 0x82, 0x93,
    0x0A, 0x65, 0x72, 0x72, 0x5F, 0x75, 0x6E, 0x73, 0x75, 0x70, 0x70, 0x6F, 0x72, 0x74, 0x65, 0x64,
    0x5F, 0x66, 0x6F, 0x72, 0x6D, 0x61, 0x74, 0x2C, 0x55, 0x6E, 0x73, 0x75, 0x70, 0x70, 0x6F, 0x72,
    0x74, 0x65, 0x64, 0x20, 0x69, 0x6D, 0x61, 0x67, 0x65, 0x20, 0x66, 0x6F, 0x72, 0x6D, 0x61, 0x74,
    0x20, 0x28, 0x73, 0x75, 0x70, 0x70, 0x6F, 0x72, 0x74, 0x65, 0x64, 0x3A, 0x20, 0x42, 0x4D, 0x50,
    0x20, 0x2F, 0x20, 0x50, 0x4E, 0x47, 0x20, 0x2F, 0x20, 0x4A, 0x50, 0x45, 0x47, 0x20, 0x2F, 0x20,
    0x47, 0x49, 0x46, 0x29, 0x2C, 0xE5, 0xAF, 0xBE, 0xE5, 0xBF, 0x9C, 0xE3, 0x81, 0x97, 0xE3, 0x81,
    0xA6, 0xE3, 0x81, 0x84, 0xE3, 0x81, 0xAA, 0xE3, 0x81, 0x84, 0xE7, 0x94, 0xBB, 0xE5, 0x83, 0x8F,
    0xE5, 0xBD, 0xA2, 0xE5, 0xBC, 0x8F, 0xE3, 0x81, 0xA7, 0xE3, 0x81, 0x99, 0xEF, 0xBC, 0x88, 0xE5,
    0xAF, 0xBE, 0xE5, 0xBF, 0x9C, 0x3A, 0x20, 0x42, 0x4D, 0x50, 0x20, 0x2F, 0x20, 0x50, 0x4E, 0x47,
    0x20, 0x2F, 0x20, 0x4A, 0x50, 0x45, 0x47, 0x20, 0x2F, 0x20, 0x47, 0x49, 0x46, 0xEF, 0xBC, 0x89,
    0x0A, 0x65, 0x72, 0x72, 0x5F, 0x62, 0x6D, 0x70, 0x5F, 0x68, 0x65, 0x61, 0x64, 0x65, 0x72, 0x2C,
    0x43, 0x6F, 0x72, 0x72, 0x75, 0x70, 0x74, 0x20, 0x42, 0x4D, 0x50, 0x20, 0x66, 0x69, 0x6C, 0x65,
    0x20, 0x68, 0x65, 0x61, 0x64, 0x65, 0x72, 0x2C, 0x42, 0x4D, 0x50, 0x20, 0xE3, 0x83, 0x95, 0xE3,
    0x82, 0xA1, 0xE3, 0x82, 0xA4, 0xE3, 0x83, 0xAB, 0xE3, 0x83, 0x98, 0xE3, 0x83, 0x83, 0xE3, 0x83,
    0x80, 0xE3, 0x83, 0xBC, 0xE3, 0x81, 0x8C, 0xE5, 0xA3, 0x8A, 0xE3, 0x82, 0x8C, 0xE3, 0x81, 0xA6,
    0xE3, 0x81, 0x84, 0xE3, 0x81, 0xBE, 0xE3, 0x81, 0x99, 0x0A, 0x65, 0x72, 0x72, 0x5F, 0x62, 0x6D,
    0x70, 0x5F, 0x76, 0x65, 0x72, 0x73, 0x69, 0x6F, 0x6E, 0x2C, 0x55, 0x6E, 0x73, 0x75, 0x70, 0x70,
    0x6F, 0x72, 0x74, 0x65, 0x64, 0x20, 0x42, 0x4D, 0x50, 0x20, 0x76, 0x65, 0x72, 0x73, 0x69, 0x6F,
    0x6E, 0x2C, 0xE5, 0xAF, 0xBE, 0xE5, 0xBF, 0x9C, 0xE3, 0x81, 0x97, 0xE3, 0x81, 0xA6, 0xE3, 0x81,
    0x84, 0xE3, 0x81, 0xAA, 0xE3, 0x81, 0x84, 0x20, 0x42, 0x4D, 0x50, 0x20, 0xE3, 0x83, 0x90, 0xE3,
    0x83, 0xBC, 0xE3, 0x82, 0xB8, 0xE3, 0x83, 0xA7, 0xE3, 0x83, 0xB3, 0xE3, 0x81, 0xA7, 0xE3, 0x81,
    0x99, 0x0A, 0x65, 0x72, 0x72, 0x5F, 0x62, 0x6D, 0x70, 0x5F, 0x6D, 0x61, 0x73, 0x6B, 0x73, 0x2C,
    0x4D, 0x69, 0x73, 0x73, 0x69, 0x6E, 0x67, 0x20, 0x42, 0x4D, 0x50, 0x20, 0x63, 0x6F, 0x6C, 0x6F,
    0x72, 0x20, 0x6D, 0x61, 0x73, 0x6B, 0x73, 0x2C, 0x42, 0x4D, 0x50, 0x20, 0xE3, 0x81, 0xAE, 0xE3,
    0x82, 0xAB, 0xE3, 0x83, 0xA9, 0xE3, 0x83, 0xBC, 0xE3, 0x83, 0x9E, 0xE3, 0x82, 0xB9, 0xE3, 0x82,
    0xAF, 0xE3, 0x81, 0x8C, 0xE3, 0x81, 0x82, 0xE3, 0x82, 0x8A, 0xE3, 0x81, 0xBE, 0xE3, 0x81, 0x9B,
    0xE3, 0x82, 0x93, 0x0A, 0x65, 0x72, 0x72, 0x5F, 0x62, 0x6D, 0x70, 0x5F, 0x73, 0x69, 0x7A, 0x65,
    0x2C, 0x49, 0x6E, 0x76, 0x61, 0x6C, 0x69, 0x64, 0x20, 0x6F, 0x72, 0x20, 0x6F, 0x76, 0x65, 0x72,
    0x73, 0x69, 0x7A, 0x65, 0x64, 0x20, 0x42, 0x4D, 0x50, 0x20, 0x64, 0x69, 0x6D, 0x65, 0x6E, 0x73,
    0x69, 0x6F, 0x6E, 0x73, 0x2C, 0x42, 0x4D, 0x50, 0x20, 0xE3, 0x81, 0xAE, 0xE3, 0x82, 0xB5, 0xE3,
    0x82, 0xA4, 0xE3, 0x82, 0xBA, 0xE3, 0x81, 0x8C, 0xE4, 0xB8, 0x8D, 0xE6, 0xAD, 0xA3, 0xE3, 0x81,
    0x8B, 0xE5, 0xA4, 0xA7, 0xE3, 0x81, 0x8D, 0xE3, 0x81, 0x99, 0xE3, 0x81, 0x8E, 0xE3, 0x81, 0xBE,
    0xE3, 0x81, 0x99, 0x0A, 0x65, 0x72, 0x72, 0x5F, 0x62, 0x6D, 0x70, 0x5F, 0x62, 0x70, 0x70, 0x2C,
    0x55, 0x6E, 0x73, 0x75, 0x70, 0x70, 0x6F, 0x72, 0x74, 0x65, 0x64, 0x20, 0x42, 0x4D, 0x50, 0x20,
    0x62, 0x69, 0x74, 0x20, 0x64, 0x65, 0x70, 0x74, 0x68, 0x2C, 0xE5, 0xAF, 0xBE, 0xE5, 0xBF, 0x9C,
    0xE3, 0x81, 0x97, 0xE3, 0x81, 0xA6, 0xE3, 0x81, 0x84, 0xE3, 0x81, 0xAA, 0xE3, 0x81, 0x84, 0x20,
    0x42, 0x4D, 0x50, 0x20, 0xE3, 0x83, 0x93, 0xE3, 0x83, 0x83, 0xE3, 0x83, 0x88, 0xE6, 0xB7, 0xB1,
    0xE5, 0xBA, 0xA6, 0xE3, 0x81, 0xA7, 0xE3, 0x81, 0x99, 0x0A, 0x65, 0x72, 0x72, 0x5F, 0x62, 0x6D,
    0x70, 0x5F, 0x63, 0x6F, 0x6D, 0x70, 0x72, 0x65, 0x73, 0x73, 0x69, 0x6F, 0x6E, 0x2C, 0x55, 0x6E,
    0x73, 0x75, 0x70, 0x70, 0x6F, 0x72, 0x74, 0x65, 0x64, 0x20, 0x42, 0x4D, 0x50, 0x20, 0x63, 0x6F,
    0x6D, 0x70, 0x72, 0x65, 0x73, 0x73, 0x69, 0x6F, 0x6E, 0x2C, 0xE5, 0xAF, 0xBE, 0xE5, 0xBF, 0x9C,
    0xE3, 0x81, 0x97, 0xE3, 0x81, 0xA6, 0xE3, 0x81, 0x84, 0xE3, 0x81, 0xAA, 0xE3, 0x81, 0x84, 0x20,
    0x42, 0x4D, 0x50, 0x20, 0xE5, 0x9C, 0xA7, 0xE7, 0xB8, 0xAE, 0xE6, 0x96, 0xB9, 0xE5, 0xBC, 0x8F,
    0xE3, 0x81, 0xA7, 0xE3, 0x81, 0x99, 0x0A, 0x65, 0x72, 0x72, 0x5F, 0x62, 0x6D, 0x70, 0x5F, 0x70,
    0x61, 0x6C, 0x65, 0x74, 0x74, 0x65, 0x2C, 0x42, 0x4D, 0x50, 0x20, 0x70, 0x61, 0x6C, 0x65, 0x74,
    0x74, 0x65, 0x20, 0x6F, 0x75, 0x74, 0x20, 0x6F, 0x66, 0x20, 0x62, 0x6F, 0x75, 0x6E, 0x64, 0x73,
    0x2C, 0x42, 0x4D, 0x50, 0x20, 0xE3, 0x83, 0x91, 0xE3, 0x83, 0xAC, 0xE3, 0x83, 0x83, 0xE3, 0x83,
    0x88, 0xE3, 0x81, 0x8C, 0xE7, 0xAF, 0x84, 0xE5, 0x9B, 0xB2, 0xE5, 0xA4, 0x96, 0xE3, 0x81, 0xA7,
    0xE3, 0x81, 0x99, 0x0A, 0x65, 0x72, 0x72, 0x5F, 0x62, 0x6D, 0x70, 0x5F, 0x72, 0x6C, 0x65, 0x5F,
    0x62, 0x70, 0x70, 0x2C, 0x49, 0x6E, 0x76, 0x61, 0x6C, 0x69, 0x64, 0x20, 0x42, 0x4D, 0x50, 0x20,
    0x52, 0x4C, 0x45, 0x20, 0x62, 0x69, 0x74, 0x20, 0x64, 0x65, 0x70, 0x74, 0x68, 0x2C, 0x42, 0x4D,
    0x50, 0x20, 0x52, 0x4C, 0x45, 0x20, 0xE3, 0x81, 0xAE, 0xE3, 0x83, 0x93, 0xE3, 0x83, 0x83, 0xE3,
    0x83, 0x88, 0xE6, 0xB7, 0xB1, 0xE5, 0xBA, 0xA6, 0xE3, 0x81, 0x8C, 0xE4, 0xB8, 0x8D, 0xE6, 0xAD,
    0xA3, 0xE3, 0x81, 0xA7, 0xE3, 0x81, 0x99, 0x0A, 0x65, 0x72, 0x72, 0x5F, 0x62, 0x6D, 0x70, 0x5F,
    0x6E, 0x6F, 0x5F, 0x70, 0x69, 0x78, 0x65, 0x6C, 0x73, 0x2C, 0x4D, 0x69, 0x73, 0x73, 0x69, 0x6E,
    0x67, 0x20, 0x42, 0x4D, 0x50, 0x20, 0x70, 0x69, 0x78, 0x65, 0x6C, 0x20, 0x64, 0x61, 0x74, 0x61,
    0x2C, 0x42, 0x4D, 0x50, 0x20, 0xE3, 0x81, 0xAE, 0xE3, 0x83, 0x94, 0xE3, 0x82, 0xAF, 0xE3, 0x82,
    0xBB, 0xE3, 0x83, 0xAB, 0xE3, 0x83, 0x87, 0xE3, 0x83, 0xBC, 0xE3, 0x82, 0xBF, 0xE3, 0x81, 0x8C,
    0xE3, 0x81, 0x82, 0xE3, 0x82, 0x8A, 0xE3, 0x81, 0xBE, 0xE3, 0x81, 0x9B, 0xE3, 0x82, 0x93, 0x0A,
    0x65, 0x72, 0x72, 0x5F, 0x62, 0x6D, 0x70, 0x5F, 0x70, 0x69, 0x78, 0x65, 0x6C, 0x73, 0x5F, 0x69,
    0x6E, 0x63, 0x6F, 0x6D, 0x70, 0x6C, 0x65, 0x74, 0x65, 0x2C, 0x49, 0x6E, 0x63, 0x6F, 0x6D, 0x70,
    0x6C, 0x65, 0x74, 0x65, 0x20, 0x42, 0x4D, 0x50, 0x20, 0x70, 0x69, 0x78, 0x65, 0x6C, 0x20, 0x64,
    0x61, 0x74, 0x61, 0x2C, 0x42, 0x4D, 0x50, 0x20, 0xE3, 0x81, 0xAE, 0xE3, 0x83, 0x94, 0xE3, 0x82,
    0xAF, 0xE3, 0x82, 0xBB, 0xE3, 0x83, 0xAB, 0xE3, 0x83, 0x87, 0xE3, 0x83, 0xBC, 0xE3, 0x82, 0xBF,
    0xE3, 0x81, 0x8C, 0xE4, 0xB8, 0x8D, 0xE5, 0xAE, 0x8C, 0xE5, 0x85, 0xA8, 0xE3, 0x81, 0xA7, 0xE3,
    0x81, 0x99, 0x0A, 0x65, 0x72, 0x72, 0x5F, 0x67, 0x69, 0x66, 0x5F, 0x6E, 0x6F, 0x74, 0x5F, 0x67,
    0x69, 0x66, 0x2C, 0x4E, 0x6F, 0x74, 0x20, 0x61, 0x20, 0x47, 0x49, 0x46, 0x20, 0x66, 0x69, 0x6C,
    0x65, 0x2C, 0x47, 0x49, 0x46, 0x20, 0xE3, 0x83, 0x95, 0xE3, 0x82, 0xA1, 0xE3, 0x82, 0xA4, 0xE3,
    0x83, 0xAB, 0xE3, 0x81, 0xA7, 0xE3, 0x81, 0xAF, 0xE3, 0x81, 0x82, 0xE3, 0x82, 0x8A, 0xE3, 0x81,
    0xBE, 0xE3, 0x81, 0x9B, 0xE3, 0x82, 0x93, 0x0A, 0x65, 0x72, 0x72, 0x5F, 0x67, 0x69, 0x66, 0x5F,
    0x73, 0x69, 0x7A, 0x65, 0x2C, 0x49, 0x6E, 0x76, 0x61, 0x6C, 0x69, 0x64, 0x20, 0x6F, 0x72, 0x20,
    0x6F, 0x76, 0x65, 0x72, 0x73, 0x69, 0x7A, 0x65, 0x64, 0x20, 0x47, 0x49, 0x46, 0x20, 0x64, 0x69,
    0x6D, 0x65, 0x6E, 0x73, 0x69, 0x6F, 0x6E, 0x73, 0x2C, 0x47, 0x49, 0x46, 0x20, 0xE3, 0x81, 0xAE,
    0xE3, 0x82, 0xB5, 0xE3, 0x82, 0xA4, 0xE3, 0x82, 0xBA, 0xE3, 0x81, 0x8C, 0xE4, 0xB8, 0x8D, 0xE6,
    0xAD, 0xA3, 0xE3, 0x81, 0x8B, 0xE5, 0xA4, 0xA7, 0xE3, 0x81, 0x8D, 0xE3, 0x81, 0x99, 0xE3, 0x81,
    0x8E, 0xE3, 0x81, 0xBE, 0xE3, 0x81, 0x99, 0x0A, 0x65, 0x72, 0x72, 0x5F, 0x67, 0x69, 0x66, 0x5F,
    0x70, 0x61, 0x6C, 0x65, 0x74, 0x74, 0x65, 0x2C, 0x47, 0x49, 0x46, 0x20, 0x70, 0x61, 0x6C, 0x65,
    0x74, 0x74, 0x65, 0x20, 0x6F, 0x75, 0x74, 0x20, 0x6F, 0x66, 0x20, 0x62, 0x6F, 0x75, 0x6E, 0x64,
    0x73, 0x2C, 0x47, 0x49, 0x46, 0x20, 0xE3, 0x83, 0x91, 0xE3, 0x83, 0xAC, 0xE3, 0x83, 0x83, 0xE3,
    0x83, 0x88, 0xE3, 0x81, 0x8C, 0xE7, 0xAF, 0x84, 0xE5, 0x9B, 0xB2, 0xE5, 0xA4, 0x96, 0xE3, 0x81,
    0xA7, 0xE3, 0x81, 0x99, 0x0A, 0x65, 0x72, 0x72, 0x5F, 0x67, 0x69, 0x66, 0x5F, 0x63, 0x6F, 0x72,
    0x72, 0x75, 0x70, 0x74, 0x2C, 0x43, 0x6F, 0x72, 0x72, 0x75, 0x70, 0x74, 0x20, 0x47, 0x49, 0x46,
    0x20, 0x64, 0x61, 0x74, 0x61, 0x2C, 0x47, 0x49, 0x46, 0x20, 0xE3, 0x83, 0x87, 0xE3, 0x83, 0xBC,
    0xE3, 0x82, 0xBF, 0xE3, 0x81, 0x8C, 0xE5, 0xA3, 0x8A, 0xE3, 0x82, 0x8C, 0xE3, 0x81, 0xA6, 0xE3,
    0x81, 0x84, 0xE3, 0x81, 0xBE, 0xE3, 0x81, 0x99, 0x0A, 0x65, 0x72, 0x72, 0x5F, 0x67, 0x69, 0x66,
    0x5F, 0x70, 0x69, 0x78, 0x65, 0x6C, 0x73, 0x5F, 0x69, 0x6E, 0x63, 0x6F, 0x6D, 0x70, 0x6C, 0x65,
    0x74, 0x65, 0x2C, 0x49, 0x6E, 0x63, 0x6F, 0x6D, 0x70, 0x6C, 0x65, 0x74, 0x65, 0x20, 0x47, 0x49,
    0x46, 0x20, 0x70, 0x69, 0x78, 0x65, 0x6C, 0x20, 0x64, 0x61, 0x74, 0x61, 0x2C, 0x47, 0x49, 0x46,
    0x20, 0xE3, 0x81, 0xAE, 0xE3, 0x83, 0x94, 0xE3, 0x82, 0xAF, 0xE3, 0x82, 0xBB, 0xE3, 0x83, 0xAB,
    0xE3, 0x83, 0x87, 0xE3, 0x83, 0xBC, 0xE3, 0x82, 0xBF, 0xE3, 0x81, 0x8C, 0xE4, 0xB8, 0x8D, 0xE5,
    0xAE, 0x8C, 0xE5, 0x85, 0xA8, 0xE3, 0x81, 0xA7, 0xE3, 0x81, 0x99, 0x0A, 0x65, 0x72, 0x72, 0x5F,
    0x67, 0x69, 0x66, 0x5F, 0x62, 0x6C, 0x6F, 0x63, 0x6B, 0x2C, 0x43, 0x6F, 0x72, 0x72, 0x75, 0x70,
    0x74, 0x20, 0x47, 0x49, 0x46, 0x20, 0x69, 0x6D, 0x61, 0x67, 0x65, 0x20, 0x62, 0x6C, 0x6F, 0x63,
    0x6B, 0x2C, 0x47, 0x49, 0x46, 0x20, 0xE3, 0x81, 0xAE, 0xE7, 0x94, 0xBB, 0xE5, 0x83, 0x8F, 0xE3,
    0x83, 0x96, 0xE3, 0x83, 0xAD, 0xE3, 0x83, 0x83, 0xE3, 0x82, 0xAF, 0xE3, 0x81, 0x8C, 0xE5, 0xA3,
    0x8A, 0xE3, 0x82, 0x8C, 0xE3, 0x81, 0xA6, 0xE3, 0x81, 0x84, 0xE3, 0x81, 0xBE, 0xE3, 0x81, 0x99,
    0x0A, 0x65, 0x72, 0x72, 0x5F, 0x67, 0x69, 0x66, 0x5F, 0x69, 0x6E, 0x63, 0x6F, 0x6D, 0x70, 0x6C,
    0x65, 0x74, 0x65, 0x2C, 0x49, 0x6E, 0x63, 0x6F, 0x6D, 0x70, 0x6C, 0x65, 0x74, 0x65, 0x20, 0x47,
    0x49, 0x46, 0x20, 0x64, 0x61, 0x74, 0x61, 0x2C, 0x47, 0x49, 0x46, 0x20, 0xE3, 0x83, 0x87, 0xE3,
    0x83, 0xBC, 0xE3, 0x82, 0xBF, 0xE3, 0x81, 0x8C, 0xE4, 0xB8, 0x8D, 0xE5, 0xAE, 0x8C, 0xE5, 0x85,
    0xA8, 0xE3, 0x81, 0xA7, 0xE3, 0x81, 0x99, 0x0A, 0x65, 0x72, 0x72, 0x5F, 0x6A, 0x70, 0x65, 0x67,
    0x5F, 0x6E, 0x6F, 0x5F, 0x66, 0x72, 0x61, 0x6D, 0x65, 0x2C, 0x4A, 0x50, 0x45, 0x47, 0x20, 0x69,
    0x73, 0x20, 0x6D, 0x69, 0x73, 0x73, 0x69, 0x6E, 0x67, 0x20, 0x69, 0x74, 0x73, 0x20, 0x66, 0x72,
    0x61, 0x6D, 0x65, 0x20, 0x68, 0x65, 0x61, 0x64, 0x65, 0x72, 0x2C, 0x4A, 0x50, 0x45, 0x47, 0x20,
    0xE3, 0x81, 0xAB, 0xE3, 0x83, 0x95, 0xE3, 0x83, 0xAC, 0xE3, 0x83, 0xBC, 0xE3, 0x83, 0xA0, 0xE3,
    0x83, 0x98, 0xE3, 0x83, 0x83, 0xE3, 0x83, 0x80, 0xE3, 0x83, 0xBC, 0xE3, 0x81, 0x8C, 0xE3, 0x81,
    0x82, 0xE3, 0x82, 0x8A, 0xE3, 0x81, 0xBE, 0xE3, 0x81, 0x9B, 0xE3, 0x82, 0x93, 0x0A, 0x65, 0x72,
    0x72, 0x5F, 0x6A, 0x70, 0x65, 0x67, 0x5F, 0x63, 0x6D, 0x79, 0x6B, 0x2C, 0x43, 0x4D, 0x59, 0x4B,
    0x2F, 0x59, 0x43, 0x43, 0x4B, 0x20, 0x63, 0x6F, 0x6C, 0x6F, 0x72, 0x20, 0x4A, 0x50, 0x45, 0x47,
    0x20, 0x69, 0x73, 0x20, 0x6E, 0x6F, 0x74, 0x20, 0x73, 0x75, 0x70, 0x70, 0x6F, 0x72, 0x74, 0x65,
    0x64, 0x2C, 0x43, 0x4D, 0x59, 0x4B, 0x2F, 0x59, 0x43, 0x43, 0x4B, 0x20, 0xE3, 0x81, 0xAE, 0xE3,
    0x82, 0xAB, 0xE3, 0x83, 0xA9, 0xE3, 0x83, 0xBC, 0x20, 0x4A, 0x50, 0x45, 0x47, 0x20, 0xE3, 0x81,
    0xAB, 0xE3, 0x81, 0xAF, 0xE5, 0xAF, 0xBE, 0xE5, 0xBF, 0x9C, 0xE3, 0x81, 0x97, 0xE3, 0x81, 0xA6,
    0xE3, 0x81, 0x84, 0xE3, 0x81, 0xBE, 0xE3, 0x81, 0x9B, 0xE3, 0x82, 0x93, 0x0A, 0x65, 0x72, 0x72,
    0x5F, 0x6A, 0x70, 0x65, 0x67, 0x5F, 0x63, 0x6F, 0x6D, 0x70, 0x6F, 0x6E, 0x65, 0x6E, 0x74, 0x73,
    0x2C, 0x55, 0x6E, 0x65, 0x78, 0x70, 0x65, 0x63, 0x74, 0x65, 0x64, 0x20, 0x4A, 0x50, 0x45, 0x47,
    0x20, 0x63, 0x6F, 0x6D, 0x70, 0x6F, 0x6E, 0x65, 0x6E, 0x74, 0x20, 0x63, 0x6F, 0x75, 0x6E, 0x74,
    0x2C, 0x4A, 0x50, 0x45, 0x47, 0x20, 0xE3, 0x81, 0xAE, 0xE3, 0x82, 0xB3, 0xE3, 0x83, 0xB3, 0xE3,
    0x83, 0x9D, 0xE3, 0x83, 0xBC, 0xE3, 0x83, 0x8D, 0xE3, 0x83, 0xB3, 0xE3, 0x83, 0x88, 0xE6, 0x95,
    0xB0, 0xE3, 0x81, 0x8C, 0xE7, 0x95, 0xB0, 0xE5, 0xB8, 0xB8, 0xE3, 0x81, 0xA7, 0xE3, 0x81, 0x99,
    0x0A, 0x65, 0x72, 0x72, 0x5F, 0x6A, 0x70, 0x65, 0x67, 0x5F, 0x6E, 0x6F, 0x74, 0x5F, 0x6A, 0x70,
    0x65, 0x67, 0x2C, 0x4E, 0x6F, 0x74, 0x20, 0x61, 0x20, 0x4A, 0x50, 0x45, 0x47, 0x20, 0x66, 0x69,
    0x6C, 0x65, 0x2C, 0x4A, 0x50, 0x45, 0x47, 0x20, 0xE3, 0x83, 0x95, 0xE3, 0x82, 0xA1, 0xE3, 0x82,
    0xA4, 0xE3, 0x83, 0xAB, 0xE3, 0x81, 0xA7, 0xE3, 0x81, 0xAF, 0xE3, 0x81, 0x82, 0xE3, 0x82, 0x8A,
    0xE3, 0x81, 0xBE, 0xE3, 0x81, 0x9B, 0xE3, 0x82, 0x93, 0x0A, 0x65, 0x72, 0x72, 0x5F, 0x6A, 0x70,
    0x65, 0x67, 0x5F, 0x73, 0x74, 0x72, 0x75, 0x63, 0x74, 0x75, 0x72, 0x65, 0x2C, 0x43, 0x6F, 0x72,
    0x72, 0x75, 0x70, 0x74, 0x20, 0x4A, 0x50, 0x45, 0x47, 0x20, 0x73, 0x74, 0x72, 0x75, 0x63, 0x74,
    0x75, 0x72, 0x65, 0x2C, 0x4A, 0x50, 0x45, 0x47, 0x20, 0xE3, 0x81, 0xAE, 0xE6, 0xA7, 0x8B, 0xE9,
    0x80, 0xA0, 0xE3, 0x81, 0x8C, 0xE5, 0xA3, 0x8A, 0xE3, 0x82, 0x8C, 0xE3, 0x81, 0xA6, 0xE3, 0x81,
    0x84, 0xE3, 0x81, 0xBE, 0xE3, 0x81, 0x99, 0x0A, 0x65, 0x72, 0x72, 0x5F, 0x6A, 0x70, 0x65, 0x67,
    0x5F, 0x73, 0x63, 0x61, 0x6E, 0x2C, 0x43, 0x6F, 0x72, 0x72, 0x75, 0x70, 0x74, 0x20, 0x4A, 0x50,
    0x45, 0x47, 0x20, 0x73, 0x63, 0x61, 0x6E, 0x20, 0x64, 0x61, 0x74, 0x61, 0x2C, 0x4A, 0x50, 0x45,
    0x47, 0x20, 0xE3, 0x81, 0xAE, 0xE3, 0x82, 0xB9, 0xE3, 0x82, 0xAD, 0xE3, 0x83, 0xA3, 0xE3, 0x83,
    0xB3, 0xE3, 0x83, 0x87, 0xE3, 0x83, 0xBC, 0xE3, 0x82, 0xBF, 0xE3, 0x81, 0x8C, 0xE5, 0xA3, 0x8A,
    0xE3, 0x82, 0x8C, 0xE3, 0x81, 0xA6, 0xE3, 0x81, 0x84, 0xE3, 0x81, 0xBE, 0xE3, 0x81, 0x99, 0x0A,
    0x65, 0x72, 0x72, 0x5F, 0x6A, 0x70, 0x65, 0x67, 0x5F, 0x64, 0x71, 0x74, 0x2C, 0x43, 0x6F, 0x72,
    0x72, 0x75, 0x70, 0x74, 0x20, 0x4A, 0x50, 0x45, 0x47, 0x20, 0x71, 0x75, 0x61, 0x6E, 0x74, 0x69,
    0x7A, 0x61, 0x74, 0x69, 0x6F, 0x6E, 0x20, 0x74, 0x61, 0x62, 0x6C, 0x65, 0x2C, 0x4A, 0x50, 0x45,
    0x47, 0x20, 0xE3, 0x81, 0xAE, 0xE9, 0x87, 0x8F, 0xE5, 0xAD, 0x90, 0xE5, 0x8C, 0x96, 0xE3, 0x83,
    0x86, 0xE3, 0x83, 0xBC, 0xE3, 0x83, 0x96, 0xE3, 0x83, 0xAB, 0xE3, 0x81, 0x8C, 0xE5, 0xA3, 0x8A,
    0xE3, 0x82, 0x8C, 0xE3, 0x81, 0xA6, 0xE3, 0x81, 0x84, 0xE3, 0x81, 0xBE, 0xE3, 0x81, 0x99, 0x0A,
    0x65, 0x72, 0x72, 0x5F, 0x6A, 0x70, 0x65, 0x67, 0x5F, 0x64, 0x68, 0x74, 0x2C, 0x43, 0x6F, 0x72,
    0x72, 0x75, 0x70, 0x74, 0x20, 0x4A, 0x50, 0x45, 0x47, 0x20, 0x48, 0x75, 0x66, 0x66, 0x6D, 0x61,
    0x6E, 0x20, 0x74, 0x61, 0x62, 0x6C, 0x65, 0x2C, 0x4A, 0x50, 0x45, 0x47, 0x20, 0xE3, 0x81, 0xAE,
    0xE3, 0x83, 0x8F, 0xE3, 0x83, 0x95, 0xE3, 0x83, 0x9E, 0xE3, 0x83, 0xB3, 0xE3, 0x83, 0x86, 0xE3,
    0x83, 0xBC, 0xE3, 0x83, 0x96, 0xE3, 0x83, 0xAB, 0xE3, 0x81, 0x8C, 0xE5, 0xA3, 0x8A, 0xE3, 0x82,
    0x8C, 0xE3, 0x81, 0xA6, 0xE3, 0x81, 0x84, 0xE3, 0x81, 0xBE, 0xE3, 0x81, 0x99, 0x0A, 0x65, 0x72,
    0x72, 0x5F, 0x6A, 0x70, 0x65, 0x67, 0x5F, 0x73, 0x6F, 0x66, 0x2C, 0x55, 0x6E, 0x73, 0x75, 0x70,
    0x70, 0x6F, 0x72, 0x74, 0x65, 0x64, 0x20, 0x6F, 0x72, 0x20, 0x63, 0x6F, 0x72, 0x72, 0x75, 0x70,
    0x74, 0x20, 0x4A, 0x50, 0x45, 0x47, 0x20, 0x66, 0x72, 0x61, 0x6D, 0x65, 0x20, 0x68, 0x65, 0x61,
    0x64, 0x65, 0x72, 0x2C, 0x4A, 0x50, 0x45, 0x47, 0x20, 0xE3, 0x81, 0xAE, 0xE3, 0x83, 0x95, 0xE3,
    0x83, 0xAC, 0xE3, 0x83, 0xBC, 0xE3, 0x83, 0xA0, 0xE3, 0x83, 0x98, 0xE3, 0x83, 0x83, 0xE3, 0x83,
    0x80, 0xE3, 0x83, 0xBC, 0xE3, 0x81, 0x8C, 0xE6, 0x9C, 0xAA, 0xE5, 0xAF, 0xBE, 0xE5, 0xBF, 0x9C,
    0xE3, 0x81, 0x8B, 0xE5, 0xA3, 0x8A, 0xE3, 0x82, 0x8C, 0xE3, 0x81, 0xA6, 0xE3, 0x81, 0x84, 0xE3,
    0x81, 0xBE, 0xE3, 0x81, 0x99, 0x0A, 0x65, 0x72, 0x72, 0x5F, 0x6A, 0x70, 0x65, 0x67, 0x5F, 0x64,
    0x72, 0x69, 0x2C, 0x43, 0x6F, 0x72, 0x72, 0x75, 0x70, 0x74, 0x20, 0x4A, 0x50, 0x45, 0x47, 0x20,
    0x44, 0x52, 0x49, 0x20, 0x73, 0x65, 0x67, 0x6D, 0x65, 0x6E, 0x74, 0x2C, 0x4A, 0x50, 0x45, 0x47,
    0x20, 0xE3, 0x81, 0xAE, 0x20, 0x44, 0x52, 0x49, 0x20, 0xE3, 0x82, 0xBB, 0xE3, 0x82, 0xB0, 0xE3,
    0x83, 0xA1, 0xE3, 0x83, 0xB3, 0xE3, 0x83, 0x88, 0xE3, 0x81, 0x8C, 0xE5, 0xA3, 0x8A, 0xE3, 0x82,
    0x8C, 0xE3, 0x81, 0xA6, 0xE3, 0x81, 0x84, 0xE3, 0x81, 0xBE, 0xE3, 0x81, 0x99, 0x0A, 0x65, 0x72,
    0x72, 0x5F, 0x6A, 0x70, 0x65, 0x67, 0x5F, 0x61, 0x70, 0x70, 0x31, 0x2C, 0x43, 0x6F, 0x72, 0x72,
    0x75, 0x70, 0x74, 0x20, 0x4A, 0x50, 0x45, 0x47, 0x20, 0x41, 0x50, 0x50, 0x31, 0x20, 0x73, 0x65,
    0x67, 0x6D, 0x65, 0x6E, 0x74, 0x2C, 0x4A, 0x50, 0x45, 0x47, 0x20, 0xE3, 0x81, 0xAE, 0x20, 0x41,
    0x50, 0x50, 0x31, 0x20, 0xE3, 0x82, 0xBB, 0xE3, 0x82, 0xB0, 0xE3, 0x83, 0xA1, 0xE3, 0x83, 0xB3,
    0xE3, 0x83, 0x88, 0xE3, 0x81, 0x8C, 0xE5, 0xA3, 0x8A, 0xE3, 0x82, 0x8C, 0xE3, 0x81, 0xA6, 0xE3,
    0x81, 0x84, 0xE3, 0x81, 0xBE, 0xE3, 0x81, 0x99, 0x0A, 0x65, 0x72, 0x72, 0x5F, 0x6A, 0x70, 0x65,
    0x67, 0x5F, 0x66, 0x65, 0x61, 0x74, 0x75, 0x72, 0x65, 0x2C, 0x55, 0x6E, 0x73, 0x75, 0x70, 0x70,
    0x6F, 0x72, 0x74, 0x65, 0x64, 0x20, 0x4A, 0x50, 0x45, 0x47, 0x20, 0x66, 0x65, 0x61, 0x74, 0x75,
    0x72, 0x65, 0x2C, 0xE5, 0xAF, 0xBE, 0xE5, 0xBF, 0x9C, 0xE3, 0x81, 0x97, 0xE3, 0x81, 0xA6, 0xE3,
    0x81, 0x84, 0xE3, 0x81, 0xAA, 0xE3, 0x81, 0x84, 0x20, 0x4A, 0x50, 0x45, 0x47, 0x20, 0xE6, 0xA9,
    0x9F, 0xE8, 0x83, 0xBD, 0xE3, 0x81, 0xA7, 0xE3, 0x81, 0x99, 0x0A, 0x65, 0x72, 0x72, 0x5F, 0x6A,
    0x70, 0x65, 0x67, 0x5F, 0x69, 0x6E, 0x63, 0x6F, 0x6D, 0x70, 0x6C, 0x65, 0x74, 0x65, 0x2C, 0x49,
    0x6E, 0x63, 0x6F, 0x6D, 0x70, 0x6C, 0x65, 0x74, 0x65, 0x20, 0x4A, 0x50, 0x45, 0x47, 0x20, 0x64,
    0x61, 0x74, 0x61, 0x2C, 0x4A, 0x50, 0x45, 0x47, 0x20, 0xE3, 0x83, 0x87, 0xE3, 0x83, 0xBC, 0xE3,
    0x82, 0xBF, 0xE3, 0x81, 0x8C, 0xE4, 0xB8, 0x8D, 0xE5, 0xAE, 0x8C, 0xE5, 0x85, 0xA8, 0xE3, 0x81,
    0xA7, 0xE3, 0x81, 0x99, 0x0A, 0x65, 0x72, 0x72, 0x5F, 0x70, 0x6E, 0x67, 0x5F, 0x6E, 0x6F, 0x74,
    0x5F, 0x70, 0x6E, 0x67, 0x2C, 0x4E, 0x6F, 0x74, 0x20, 0x61, 0x20, 0x50, 0x4E, 0x47, 0x20, 0x66,
    0x69, 0x6C, 0x65, 0x2C, 0x50, 0x4E, 0x47, 0x20, 0xE3, 0x83, 0x95, 0xE3, 0x82, 0xA1, 0xE3, 0x82,
    0xA4, 0xE3, 0x83, 0xAB, 0xE3, 0x81, 0xA7, 0xE3, 0x81, 0xAF, 0xE3, 0x81, 0x82, 0xE3, 0x82, 0x8A,
    0xE3, 0x81, 0xBE, 0xE3, 0x81, 0x9B, 0xE3, 0x82, 0x93, 0x0A, 0x65, 0x72, 0x72, 0x5F, 0x70, 0x6E,
    0x67, 0x5F, 0x69, 0x68, 0x64, 0x72, 0x2C, 0x43, 0x6F, 0x72, 0x72, 0x75, 0x70, 0x74, 0x20, 0x50,
    0x4E, 0x47, 0x20, 0x49, 0x48, 0x44, 0x52, 0x2C, 0x50, 0x4E, 0x47, 0x20, 0xE3, 0x81, 0xAE, 0x20,
    0x49, 0x48, 0x44, 0x52, 0x20, 0xE3, 0x81, 0x8C, 0xE5, 0xA3, 0x8A, 0xE3, 0x82, 0x8C, 0xE3, 0x81,
    0xA6, 0xE3, 0x81, 0x84, 0xE3, 0x81, 0xBE, 0xE3, 0x81, 0x99, 0x0A, 0x65, 0x72, 0x72, 0x5F, 0x70,
    0x6E, 0x67, 0x5F, 0x63, 0x72, 0x63, 0x2C, 0x50, 0x4E, 0x47, 0x20, 0x64, 0x61, 0x74, 0x61, 0x20,
    0x63, 0x68, 0x65, 0x63, 0x6B, 0x20, 0x66, 0x61, 0x69, 0x6C, 0x65, 0x64, 0x20, 0x28, 0x43, 0x52,
    0x43, 0x29, 0x2C, 0x50, 0x4E, 0x47, 0x20, 0xE3, 0x81, 0xAE, 0xE3, 0x83, 0x87, 0xE3, 0x83, 0xBC,
    0xE3, 0x82, 0xBF, 0xE6, 0xA4, 0x9C, 0xE8, 0xA8, 0xBC, 0xE3, 0x81, 0xAB, 0xE5, 0xA4, 0xB1, 0xE6,
    0x95, 0x97, 0xE3, 0x81, 0x97, 0xE3, 0x81, 0xBE, 0xE3, 0x81, 0x97, 0xE3, 0x81, 0x9F, 0xEF, 0xBC,
    0x88, 0x43, 0x52, 0x43, 0xEF, 0xBC, 0x89, 0x0A, 0x65, 0x72, 0x72, 0x5F, 0x70, 0x6E, 0x67, 0x5F,
    0x66, 0x65, 0x61, 0x74, 0x75, 0x72, 0x65, 0x2C, 0x55, 0x6E, 0x73, 0x75, 0x70, 0x70, 0x6F, 0x72,
    0x74, 0x65, 0x64, 0x20, 0x50, 0x4E, 0x47, 0x20, 0x66, 0x65, 0x61, 0x74, 0x75, 0x72, 0x65, 0x2C,
    0xE5, 0xAF, 0xBE, 0xE5, 0xBF, 0x9C, 0xE3, 0x81, 0x97, 0xE3, 0x81, 0xA6, 0xE3, 0x81, 0x84, 0xE3,
    0x81, 0xAA, 0xE3, 0x81, 0x84, 0x20, 0x50, 0x4E, 0x47, 0x20, 0xE6, 0xA9, 0x9F, 0xE8, 0x83, 0xBD,
    0xE3, 0x81, 0xA7, 0xE3, 0x81, 0x99, 0x0A, 0x65, 0x72, 0x72, 0x5F, 0x70, 0x6E, 0x67, 0x5F, 0x64,
    0x65, 0x70, 0x74, 0x68, 0x2C, 0x49, 0x6E, 0x76, 0x61, 0x6C, 0x69, 0x64, 0x20, 0x50, 0x4E, 0x47,
    0x20, 0x62, 0x69, 0x74, 0x20, 0x64, 0x65, 0x70, 0x74, 0x68, 0x20, 0x2F, 0x20, 0x63, 0x6F, 0x6C,
    0x6F, 0x72, 0x20, 0x74, 0x79, 0x70, 0x65, 0x2C, 0x50, 0x4E, 0x47, 0x20, 0xE3, 0x81, 0xAE, 0xE3,
    0x83, 0x93, 0xE3, 0x83, 0x83, 0xE3, 0x83, 0x88, 0xE6, 0xB7, 0xB1, 0xE5, 0xBA, 0xA6, 0x2F, 0xE8,
    0x89, 0xB2, 0xE7, 0xA8, 0xAE, 0xE5, 0x88, 0xA5, 0xE3, 0x81, 0x8C, 0xE4, 0xB8, 0x8D, 0xE6, 0xAD,
    0xA3, 0xE3, 0x81, 0xA7, 0xE3, 0x81, 0x99, 0x0A, 0x65, 0x72, 0x72, 0x5F, 0x70, 0x6E, 0x67, 0x5F,
    0x73, 0x69, 0x7A, 0x65, 0x2C, 0x49, 0x6E, 0x76, 0x61, 0x6C, 0x69, 0x64, 0x20, 0x6F, 0x72, 0x20,
    0x6F, 0x76, 0x65, 0x72, 0x73, 0x69, 0x7A, 0x65, 0x64, 0x20, 0x50, 0x4E, 0x47, 0x20, 0x64, 0x69,
    0x6D, 0x65, 0x6E, 0x73, 0x69, 0x6F, 0x6E, 0x73, 0x2C, 0x50, 0x4E, 0x47, 0x20, 0xE3, 0x81, 0xAE,
    0xE3, 0x82, 0xB5, 0xE3, 0x82, 0xA4, 0xE3, 0x82, 0xBA, 0xE3, 0x81, 0x8C, 0xE4, 0xB8, 0x8D, 0xE6,
    0xAD, 0xA3, 0xE3, 0x81, 0x8B, 0xE5, 0xA4, 0xA7, 0xE3, 0x81, 0x8D, 0xE3, 0x81, 0x99, 0xE3, 0x81,
    0x8E, 0xE3, 0x81, 0xBE, 0xE3, 0x81, 0x99, 0x0A, 0x65, 0x72, 0x72, 0x5F, 0x70, 0x6E, 0x67, 0x5F,
    0x69, 0x6E, 0x63, 0x6F, 0x6D, 0x70, 0x6C, 0x65, 0x74, 0x65, 0x2C, 0x49, 0x6E, 0x63, 0x6F, 0x6D,
    0x70, 0x6C, 0x65, 0x74, 0x65, 0x20, 0x50, 0x4E, 0x47, 0x20, 0x64, 0x61, 0x74, 0x61, 0x2C, 0x50,
    0x4E, 0x47, 0x20, 0xE3, 0x83, 0x87, 0xE3, 0x83, 0xBC, 0xE3, 0x82, 0xBF, 0xE3, 0x81, 0x8C, 0xE4,
    0xB8, 0x8D, 0xE5, 0xAE, 0x8C, 0xE5, 0x85, 0xA8, 0xE3, 0x81, 0xA7, 0xE3, 0x81, 0x99, 0x0A, 0x65,
    0x72, 0x72, 0x5F, 0x70, 0x6E, 0x67, 0x5F, 0x75, 0x6E, 0x63, 0x6F, 0x6D, 0x70, 0x72, 0x65, 0x73,
    0x73, 0x2C, 0x50, 0x4E, 0x47, 0x20, 0x64, 0x65, 0x63, 0x6F, 0x6D, 0x70, 0x72, 0x65, 0x73, 0x73,
    0x69, 0x6F, 0x6E, 0x20, 0x66, 0x61, 0x69, 0x6C, 0x65, 0x64, 0x3A, 0x20, 0x25, 0x73, 0x2C, 0x50,
    0x4E, 0x47, 0x20, 0xE3, 0x81, 0xAE, 0xE5, 0xB1, 0x95, 0xE9, 0x96, 0x8B, 0xE3, 0x81, 0xAB, 0xE5,
    0xA4, 0xB1, 0xE6, 0x95, 0x97, 0xE3, 0x81, 0x97, 0xE3, 0x81, 0xBE, 0xE3, 0x81, 0x97, 0xE3, 0x81,
    0x9F, 0x3A, 0x20, 0x25, 0x73, 0x0A, 0x65, 0x72, 0x72, 0x5F, 0x70, 0x6E, 0x67, 0x5F, 0x70, 0x69,
    0x78, 0x65, 0x6C, 0x73, 0x5F, 0x69, 0x6E, 0x63, 0x6F, 0x6D, 0x70, 0x6C, 0x65, 0x74, 0x65, 0x2C,
    0x49, 0x6E, 0x63, 0x6F, 0x6D, 0x70, 0x6C, 0x65, 0x74, 0x65, 0x20, 0x50, 0x4E, 0x47, 0x20, 0x70,
    0x69, 0x78, 0x65, 0x6C, 0x20, 0x64, 0x61, 0x74, 0x61, 0x2C, 0x50, 0x4E, 0x47, 0x20, 0xE3, 0x81,
    0xAE, 0xE3, 0x83, 0x94, 0xE3, 0x82, 0xAF, 0xE3, 0x82, 0xBB, 0xE3, 0x83, 0xAB, 0xE3, 0x83, 0x87,
    0xE3, 0x83, 0xBC, 0xE3, 0x82, 0xBF, 0xE3, 0x81, 0x8C, 0xE4, 0xB8, 0x8D, 0xE5, 0xAE, 0x8C, 0xE5,
    0x85, 0xA8, 0xE3, 0x81, 0xA7, 0xE3, 0x81, 0x99, 0x0A, 0x65, 0x72, 0x72, 0x5F, 0x70, 0x6E, 0x67,
    0x5F, 0x66, 0x69, 0x6C, 0x74, 0x65, 0x72, 0x2C, 0x49, 0x6E, 0x76, 0x61, 0x6C, 0x69, 0x64, 0x20,
    0x50, 0x4E, 0x47, 0x20, 0x72, 0x6F, 0x77, 0x20, 0x66, 0x69, 0x6C, 0x74, 0x65, 0x72, 0x20, 0x74,
    0x79, 0x70, 0x65, 0x2C, 0x50, 0x4E, 0x47, 0x20, 0xE3, 0x81, 0xAE, 0xE8, 0xA1, 0x8C, 0xE3, 0x83,
    0x95, 0xE3, 0x82, 0xA3, 0xE3, 0x83, 0xAB, 0xE3, 0x82, 0xBF, 0xE3, 0x83, 0xBC, 0xE7, 0xA8, 0xAE,
    0xE5, 0x88, 0xA5, 0xE3, 0x81, 0x8C, 0xE4, 0xB8, 0x8D, 0xE6, 0xAD, 0xA3, 0xE3, 0x81, 0xA7, 0xE3,
    0x81, 0x99, 0x0A, 0x65, 0x72, 0x72, 0x5F, 0x7A, 0x6C, 0x69, 0x62, 0x5F, 0x73, 0x68, 0x6F, 0x72,
    0x74, 0x2C, 0x7A, 0x6C, 0x69, 0x62, 0x20, 0x64, 0x61, 0x74, 0x61, 0x20, 0x74, 0x6F, 0x6F, 0x20,
    0x73, 0x68, 0x6F, 0x72, 0x74, 0x2C, 0x7A, 0x6C, 0x69, 0x62, 0x20, 0xE3, 0x83, 0x87, 0xE3, 0x83,
    0xBC, 0xE3, 0x82, 0xBF, 0xE3, 0x81, 0x8C, 0xE7, 0x9F, 0xAD, 0xE3, 0x81, 0x99, 0xE3, 0x81, 0x8E,
    0xE3, 0x81, 0xBE, 0xE3, 0x81, 0x99, 0x0A, 0x65, 0x72, 0x72, 0x5F, 0x7A, 0x6C, 0x69, 0x62, 0x5F,
    0x6E, 0x6F, 0x74, 0x5F, 0x64, 0x65, 0x66, 0x6C, 0x61, 0x74, 0x65, 0x2C, 0x4E, 0x6F, 0x74, 0x20,
    0x64, 0x65, 0x66, 0x6C, 0x61, 0x74, 0x65, 0x2D, 0x63, 0x6F, 0x6D, 0x70, 0x72, 0x65, 0x73, 0x73,
    0x65, 0x64, 0x20, 0x64, 0x61, 0x74, 0x61, 0x2C, 0x64, 0x65, 0x66, 0x6C, 0x61, 0x74, 0x65, 0x20,
    0xE5, 0x9C, 0xA7, 0xE7, 0xB8, 0xAE, 0xE3, 0x81, 0x95, 0xE3, 0x82, 0x8C, 0xE3, 0x81, 0x9F, 0xE3,
    0x83, 0x87, 0xE3, 0x83, 0xBC, 0xE3, 0x82, 0xBF, 0xE3, 0x81, 0xA7, 0xE3, 0x81, 0xAF, 0xE3, 0x81,
    0x82, 0xE3, 0x82, 0x8A, 0xE3, 0x81, 0xBE, 0xE3, 0x81, 0x9B, 0xE3, 0x82, 0x93, 0x0A, 0x65, 0x72,
    0x72, 0x5F, 0x7A, 0x6C, 0x69, 0x62, 0x5F, 0x77, 0x69, 0x6E, 0x64, 0x6F, 0x77, 0x2C, 0x49, 0x6E,
    0x76, 0x61, 0x6C, 0x69, 0x64, 0x20, 0x7A, 0x6C, 0x69, 0x62, 0x20, 0x77, 0x69, 0x6E, 0x64, 0x6F,
    0x77, 0x20, 0x73, 0x69, 0x7A, 0x65, 0x2C, 0x7A, 0x6C, 0x69, 0x62, 0x20, 0xE3, 0x81, 0xAE, 0xE3,
    0x82, 0xA6, 0xE3, 0x82, 0xA3, 0xE3, 0x83, 0xB3, 0xE3, 0x83, 0x89, 0xE3, 0x82, 0xA6, 0xE3, 0x82,
    0xB5, 0xE3, 0x82, 0xA4, 0xE3, 0x82, 0xBA, 0xE3, 0x81, 0x8C, 0xE4, 0xB8, 0x8D, 0xE6, 0xAD, 0xA3,
    0xE3, 0x81, 0xA7, 0xE3, 0x81, 0x99, 0x0A, 0x65, 0x72, 0x72, 0x5F, 0x7A, 0x6C, 0x69, 0x62, 0x5F,
    0x68, 0x65, 0x61, 0x64, 0x65, 0x72, 0x2C, 0x7A, 0x6C, 0x69, 0x62, 0x20, 0x68, 0x65, 0x61, 0x64,
    0x65, 0x72, 0x20, 0x63, 0x68, 0x65, 0x63, 0x6B, 0x20, 0x66, 0x61, 0x69, 0x6C, 0x65, 0x64, 0x2C,
    0x7A, 0x6C, 0x69, 0x62, 0x20, 0xE3, 0x81, 0xAE, 0xE3, 0x83, 0x98, 0xE3, 0x83, 0x83, 0xE3, 0x83,
    0x80, 0xE3, 0x83, 0xBC, 0xE6, 0xA4, 0x9C, 0xE8, 0xA8, 0xBC, 0xE3, 0x81, 0xAB, 0xE5, 0xA4, 0xB1,
    0xE6, 0x95, 0x97, 0xE3, 0x81, 0x97, 0xE3, 0x81, 0xBE, 0xE3, 0x81, 0x97, 0xE3, 0x81, 0x9F, 0x0A,
    0x65, 0x72, 0x72, 0x5F, 0x7A, 0x6C, 0x69, 0x62, 0x5F, 0x64, 0x69, 0x63, 0x74, 0x69, 0x6F, 0x6E,
    0x61, 0x72, 0x79, 0x2C, 0x50, 0x72, 0x65, 0x73, 0x65, 0x74, 0x20, 0x64, 0x69, 0x63, 0x74, 0x69,
    0x6F, 0x6E, 0x61, 0x72, 0x79, 0x20, 0x6E, 0x6F, 0x74, 0x20, 0x73, 0x75, 0x70, 0x70, 0x6F, 0x72,
    0x74, 0x65, 0x64, 0x2C, 0xE3, 0x83, 0x97, 0xE3, 0x83, 0xAA, 0xE3, 0x82, 0xBB, 0xE3, 0x83, 0x83,
    0xE3, 0x83, 0x88, 0xE8, 0xBE, 0x9E, 0xE6, 0x9B, 0xB8, 0xE3, 0x81, 0xAB, 0xE3, 0x81, 0xAF, 0xE5,
    0xAF, 0xBE, 0xE5, 0xBF, 0x9C, 0xE3, 0x81, 0x97, 0xE3, 0x81, 0xA6, 0xE3, 0x81, 0x84, 0xE3, 0x81,
    0xBE, 0xE3, 0x81, 0x9B, 0xE3, 0x82, 0x93, 0x0A, 0x65, 0x72, 0x72, 0x5F, 0x7A, 0x6C, 0x69, 0x62,
    0x5F, 0x63, 0x6F, 0x72, 0x72, 0x75, 0x70, 0x74, 0x2C, 0x43, 0x6F, 0x72, 0x72, 0x75, 0x70, 0x74,
    0x20, 0x44, 0x45, 0x46, 0x4C, 0x41, 0x54, 0x45, 0x20, 0x64, 0x61, 0x74, 0x61, 0x2C, 0x44, 0x45,
    0x46, 0x4C, 0x41, 0x54, 0x45, 0x20, 0xE3, 0x83, 0x87, 0xE3, 0x83, 0xBC, 0xE3, 0x82, 0xBF, 0xE3,
    0x81, 0x8C, 0xE5, 0xA3, 0x8A, 0xE3, 0x82, 0x8C, 0xE3, 0x81, 0xA6, 0xE3, 0x81, 0x84, 0xE3, 0x81,
    0xBE, 0xE3, 0x81, 0x99, 0x0A, 0x65, 0x72, 0x72, 0x5F, 0x7A, 0x6C, 0x69, 0x62, 0x5F, 0x61, 0x64,
    0x6C, 0x65, 0x72, 0x2C, 0x61, 0x64, 0x6C, 0x65, 0x72, 0x33, 0x32, 0x20, 0x63, 0x68, 0x65, 0x63,
    0x6B, 0x73, 0x75, 0x6D, 0x20, 0x66, 0x61, 0x69, 0x6C, 0x65, 0x64, 0x2C, 0x61, 0x64, 0x6C, 0x65,
    0x72, 0x33, 0x32, 0x20, 0xE3, 0x83, 0x81, 0xE3, 0x82, 0xA7, 0xE3, 0x83, 0x83, 0xE3, 0x82, 0xAF,
    0xE3, 0x82, 0xB5, 0xE3, 0x83, 0xA0, 0xE3, 0x81, 0xAB, 0xE5, 0xA4, 0xB1, 0xE6, 0x95, 0x97, 0xE3,
    0x81, 0x97, 0xE3, 0x81, 0xBE, 0xE3, 0x81, 0x97, 0xE3, 0x81, 0x9F, 0x0A, 0x65, 0x72, 0x72, 0x5F,
    0x66, 0x69, 0x6C, 0x65, 0x5F, 0x6F, 0x70, 0x65, 0x6E, 0x2C, 0x43, 0x61, 0x6E, 0x6E, 0x6F, 0x74,
    0x20, 0x6F, 0x70, 0x65, 0x6E, 0x20, 0x66, 0x69, 0x6C, 0x65, 0x2C, 0xE3, 0x83, 0x95, 0xE3, 0x82,
    0xA1, 0xE3, 0x82, 0xA4, 0xE3, 0x83, 0xAB, 0xE3, 0x82, 0x92, 0xE9, 0x96, 0x8B, 0xE3, 0x81, 0x91,
    0xE3, 0x81, 0xBE, 0xE3, 0x81, 0x9B, 0xE3, 0x82, 0x93, 0x0A, 0x65, 0x72, 0x72, 0x5F, 0x66, 0x69,
    0x6C, 0x65, 0x5F, 0x73, 0x69, 0x7A, 0x65, 0x2C, 0x43, 0x61, 0x6E, 0x6E, 0x6F, 0x74, 0x20, 0x64,
    0x65, 0x74, 0x65, 0x72, 0x6D, 0x69, 0x6E, 0x65, 0x20, 0x66, 0x69, 0x6C, 0x65, 0x20, 0x73, 0x69,
    0x7A, 0x65, 0x2C, 0xE3, 0x83, 0x95, 0xE3, 0x82, 0xA1, 0xE3, 0x82, 0xA4, 0xE3, 0x83, 0xAB, 0xE3,
    0x82, 0xB5, 0xE3, 0x82, 0xA4, 0xE3, 0x82, 0xBA, 0xE3, 0x82, 0x92, 0xE5, 0x8F, 0x96, 0xE5, 0xBE,
    0x97, 0xE3, 0x81, 0xA7, 0xE3, 0x81, 0x8D, 0xE3, 0x81, 0xBE, 0xE3, 0x81, 0x9B, 0xE3, 0x82, 0x93,
    0x0A, 0x65, 0x72, 0x72, 0x5F, 0x66, 0x69, 0x6C, 0x65, 0x5F, 0x74, 0x6F, 0x6F, 0x5F, 0x62, 0x69,
    0x67, 0x2C, 0x46, 0x69, 0x6C, 0x65, 0x20, 0x74, 0x6F, 0x6F, 0x20, 0x6C, 0x61, 0x72, 0x67, 0x65,
    0x20, 0x28, 0x6F, 0x76, 0x65, 0x72, 0x20, 0x32, 0x20, 0x47, 0x42, 0x29, 0x2C, 0xE3, 0x83, 0x95,
    0xE3, 0x82, 0xA1, 0xE3, 0x82, 0xA4, 0xE3, 0x83, 0xAB, 0xE3, 0x81, 0x8C, 0xE5, 0xA4, 0xA7, 0xE3,
    0x81, 0x8D, 0xE3, 0x81, 0x99, 0xE3, 0x81, 0x8E, 0xE3, 0x81, 0xBE, 0xE3, 0x81, 0x99, 0xEF, 0xBC,
    0x88, 0x32, 0x20, 0x47, 0x42, 0x20, 0xE8, 0xB6, 0x85, 0xEF, 0xBC, 0x89, 0x0A, 0x65, 0x72, 0x72,
    0x5F, 0x66, 0x69, 0x6C, 0x65, 0x5F, 0x72, 0x65, 0x61, 0x64, 0x2C, 0x46, 0x61, 0x69, 0x6C, 0x65,
    0x64, 0x20, 0x74, 0x6F, 0x20, 0x72, 0x65, 0x61, 0x64, 0x20, 0x66, 0x69, 0x6C, 0x65, 0x2C, 0xE3,
    0x83, 0x95, 0xE3, 0x82, 0xA1, 0xE3, 0x82, 0xA4, 0xE3, 0x83, 0xAB, 0xE3, 0x81, 0xAE, 0xE8, 0xAA,
    0xAD, 0xE3, 0x81, 0xBF, 0xE8, 0xBE, 0xBC, 0xE3, 0x81, 0xBF, 0xE3, 0x81, 0xAB, 0xE5, 0xA4, 0xB1,
    0xE6, 0x95, 0x97, 0xE3, 0x81, 0x97, 0xE3, 0x81, 0xBE, 0xE3, 0x81, 0x97, 0xE3, 0x81, 0x9F, 0x0A,
};

// zh-CN  (9427 bytes, source: zh-CN.csv)
const unsigned char kPack_zh_CN[] = {
    0x23, 0x20, 0x4C, 0x69, 0x74, 0x65, 0x56, 0x69, 0x65, 0x77, 0x20, 0x6C, 0x61, 0x6E, 0x67, 0x75,
    0x61, 0x67, 0x65, 0x20, 0x70, 0x61, 0x63, 0x6B, 0x20, 0x2F, 0x20, 0xE8, 0xAF, 0xAD, 0xE8, 0xA8,
    0x80, 0xE5, 0x8C, 0x85, 0xEF, 0xBC, 0x9A, 0xE7, 0xAE, 0x80, 0xE4, 0xBD, 0x93, 0xE4, 0xB8, 0xAD,
    0xE6, 0x96, 0x87, 0xEF, 0xBC, 0x88, 0x7A, 0x68, 0x2D, 0x43, 0x4E, 0xEF, 0xBC, 0x89, 0x0D, 0x0A,
    0x23, 0x20, 0xE6, 0xA0, 0xBC, 0xE5, 0xBC, 0x8F, 0x3A, 0x20, 0x6B, 0x65, 0x79, 0x2C, 0x65, 0x6E,
    0x67, 0x6C, 0x69, 0x73, 0x68, 0x2C, 0x74, 0x72, 0x61, 0x6E, 0x73, 0x6C, 0x61, 0x74, 0x69, 0x6F,
    0x6E, 0xEF, 0xBC, 0x88, 0x55, 0x54, 0x46, 0x2D, 0x38, 0xEF, 0xBC, 0x9B, 0x74, 0x72, 0x61, 0x6E,
    0x73, 0x6C, 0x61, 0x74, 0x69, 0x6F, 0x6E, 0x20, 0xE7, 0x95, 0x99, 0xE7, 0xA9, 0xBA, 0x20, 0x3D,
    0x20, 0xE4, 0xBD, 0xBF, 0xE7, 0x94, 0xA8, 0xE5, 0x86, 0x85, 0xE7, 0xBD, 0xAE, 0xE8, 0x8B, 0xB1,
    0xE6, 0x96, 0x87, 0xEF, 0xBC, 0x89, 0x0D, 0x0A, 0x23, 0x20, 0xE5, 0x8D, 0xA0, 0xE4, 0xBD, 0x8D,
    0xE7, 0xAC, 0xA6, 0xEF, 0xBC, 0x88, 0x25, 0x64, 0x20, 0x25, 0x73, 0x20, 0xE7, 0xAD, 0x89, 0xEF,
    0xBC, 0x89, 0xE9, 0x9C, 0x80, 0xE4, 0xB8, 0x8E, 0xE8, 0x8B, 0xB1, 0xE6, 0x96, 0x87, 0xE4, 0xBF,
    0x9D, 0xE6, 0x8C, 0x81, 0xE4, 0xB8, 0x80, 0xE8, 0x87, 0xB4, 0xEF, 0xBC, 0x9B, 0x5C, 0x6E, 0x20,
    0x3D, 0x20, 0xE6, 0x8D, 0xA2, 0xE8, 0xA1, 0x8C, 0xE3, 0x80, 0x81, 0x5C, 0x74, 0x20, 0x3D, 0x20,
    0xE5, 0x88, 0xB6, 0xE8, 0xA1, 0xA8, 0xE3, 0x80, 0x81, 0x5C, 0x5C, 0x20, 0x3D, 0x20, 0xE5, 0x8F,
    0x8D, 0xE6, 0x96, 0x9C, 0xE6, 0x9D, 0xA0, 0x0D, 0x0A, 0x23, 0x20, 0x6E, 0x61, 0x6D, 0x65, 0x3A,
    0x20, 0xE4, 0xB8, 0xAD, 0xE6, 0x96, 0x87, 0xEF, 0xBC, 0x88, 0xE7, 0xAE, 0x80, 0xE4, 0xBD, 0x93,
    0xEF, 0xBC, 0x89, 0x0D, 0x0A, 0x6B, 0x65, 0x79, 0x2C, 0x65, 0x6E, 0x67, 0x6C, 0x69, 0x73, 0x68,
    0x2C, 0x74, 0x72, 0x61, 0x6E, 0x73, 0x6C, 0x61, 0x74, 0x69, 0x6F, 0x6E, 0x0D, 0x0A, 0x61, 0x70,
    0x70, 0x5F, 0x74, 0x69, 0x74, 0x6C, 0x65, 0x2C, 0x4C, 0x69, 0x74, 0x65, 0x56, 0x69, 0x65, 0x77,
    0x20, 0x49, 0x6D, 0x61, 0x67, 0x65, 0x20, 0x56, 0x69, 0x65, 0x77, 0x65, 0x72, 0x2C, 0x4C, 0x69,
    0x74, 0x65, 0x56, 0x69, 0x65, 0x77, 0x20, 0xE5, 0x9B, 0xBE, 0xE7, 0x89, 0x87, 0xE6, 0x9F, 0xA5,
    0xE7, 0x9C, 0x8B, 0xE5, 0x99, 0xA8, 0x0D, 0x0A, 0x74, 0x69, 0x70, 0x5F, 0x6F, 0x70, 0x65, 0x6E,
    0x2C, 0x4F, 0x70, 0x65, 0x6E, 0x20, 0x69, 0x6D, 0x61, 0x67, 0x65, 0x20, 0x28, 0x4F, 0x29, 0x2C,
    0xE6, 0x89, 0x93, 0xE5, 0xBC, 0x80, 0xE5, 0x9B, 0xBE, 0xE7, 0x89, 0x87, 0xEF, 0xBC, 0x88, 0x4F,
    0xEF, 0xBC, 0x89, 0x0D, 0x0A, 0x74, 0x69, 0x70, 0x5F, 0x70, 0x72, 0x65, 0x76, 0x2C, 0x50, 0x72,
    0x65, 0x76, 0x69, 0x6F, 0x75, 0x73, 0x20, 0x69, 0x6D, 0x61, 0x67, 0x65, 0x20, 0x28, 0xE2, 0x86,
    0x90, 0x29, 0x2C, 0xE4, 0xB8, 0x8A, 0xE4, 0xB8, 0x80, 0xE5, 0xBC, 0xA0, 0xEF, 0xBC, 0x88, 0xE2,
    0x86, 0x90, 0xEF, 0xBC, 0x89, 0x0D, 0x0A, 0x74, 0x69, 0x70, 0x5F, 0x6E, 0x65, 0x78, 0x74, 0x2C,
    0x4E, 0x65, 0x78, 0x74, 0x20, 0x69, 0x6D, 0x61, 0x67, 0x65, 0x20, 0x28, 0xE2, 0x86, 0x92, 0x29,
    0x2C, 0xE4, 0xB8, 0x8B, 0xE4, 0xB8, 0x80, 0xE5, 0xBC, 0xA0, 0xEF, 0xBC, 0x88, 0xE2, 0x86, 0x92,
    0xEF, 0xBC, 0x89, 0x0D, 0x0A, 0x74, 0x69, 0x70, 0x5F, 0x7A, 0x6F, 0x6F, 0x6D, 0x5F, 0x6F, 0x75,
    0x74, 0x2C, 0x5A, 0x6F, 0x6F, 0x6D, 0x20, 0x6F, 0x75, 0x74, 0x20, 0x28, 0x2D, 0x20, 0x2F, 0x20,
    0x77, 0x68, 0x65, 0x65, 0x6C, 0x29, 0x2C, 0xE7, 0xBC, 0xA9, 0xE5, 0xB0, 0x8F, 0xEF, 0xBC, 0x88,
    0x2D, 0x20, 0x2F, 0x20, 0xE6, 0xBB, 0x9A, 0xE8, 0xBD, 0xAE, 0xEF, 0xBC, 0x89, 0x0D, 0x0A, 0x74,
    0x69, 0x70, 0x5F, 0x7A, 0x6F, 0x6F, 0x6D, 0x5F, 0x69, 0x6E, 0x2C, 0x5A, 0x6F, 0x6F, 0x6D, 0x20,
    0x69, 0x6E, 0x20, 0x28, 0x2B, 0x20, 0x2F, 0x20, 0x77, 0x68, 0x65, 0x65, 0x6C, 0x29, 0x2C, 0xE6,
    0x94, 0xBE, 0xE5, 0xA4, 0xA7, 0xEF, 0xBC, 0x88, 0x2B, 0x20, 0x2F, 0x20, 0xE6, 0xBB, 0x9A, 0xE8,
    0xBD, 0xAE, 0xEF, 0xBC, 0x89, 0x0D, 0x0A, 0x74, 0x69, 0x70, 0x5F, 0x66, 0x69, 0x74, 0x2C, 0x46,
    0x69, 0x74, 0x20, 0x74, 0x6F, 0x20, 0x77, 0x69, 0x6E, 0x64, 0x6F, 0x77, 0x20, 0x28, 0x30, 0x29,
    0x2C, 0xE9, 0x80, 0x82, 0xE5, 0xBA, 0x94, 0xE7, 0xAA, 0x97, 0xE5, 0x8F, 0xA3, 0xEF, 0xBC, 0x88,
    0x30, 0xEF, 0xBC, 0x89, 0x0D, 0x0A, 0x74, 0x69, 0x70, 0x5F, 0x61, 0x63, 0x74, 0x75, 0x61, 0x6C,
    0x2C, 0x41, 0x63, 0x74, 0x75, 0x61, 0x6C, 0x20, 0x73, 0x69, 0x7A, 0x65, 0x20, 0x31, 0x3A, 0x31,
    0x20, 0x28, 0x31, 0x29, 0x2C, 0xE5, 0x8E, 0x9F, 0xE5, 0xA7, 0x8B, 0xE5, 0xA4, 0xA7, 0xE5, 0xB0,
    0x8F, 0x20, 0x31, 0x3A, 0x31, 0xEF, 0xBC, 0x88, 0x31, 0xEF, 0xBC, 0x89, 0x0D, 0x0A, 0x74, 0x69,
    0x70, 0x5F, 0x72, 0x6F, 0x74, 0x5F, 0x63, 0x63, 0x77, 0x2C, 0x52, 0x6F, 0x74, 0x61, 0x74, 0x65,
    0x20, 0x63, 0x6F, 0x75, 0x6E, 0x74, 0x65, 0x72, 0x2D, 0x63, 0x6C, 0x6F, 0x63, 0x6B, 0x77, 0x69,
    0x73, 0x65, 0x20, 0x28, 0x53, 0x68, 0x69, 0x66, 0x74, 0x2B, 0x52, 0x29, 0x2C, 0xE9, 0x80, 0x86,
    0xE6, 0x97, 0xB6, 0xE9, 0x92, 0x88, 0xE6, 0x97, 0x8B, 0xE8, 0xBD, 0xAC, 0xEF, 0xBC, 0x88, 0x53,
    0x68, 0x69, 0x66, 0x74, 0x2B, 0x52, 0xEF, 0xBC, 0x89, 0x0D, 0x0A, 0x74, 0x69, 0x70, 0x5F, 0x72,
    0x6F, 0x74, 0x5F, 0x63, 0x77, 0x2C, 0x52, 0x6F, 0x74, 0x61, 0x74, 0x65, 0x20, 0x63, 0x6C, 0x6F,
    0x63, 0x6B, 0x77, 0x69, 0x73, 0x65, 0x20, 0x28, 0x52, 0x29, 0x2C, 0xE9, 0xA1, 0xBA, 0xE6, 0x97,
    0xB6, 0xE9, 0x92, 0x88, 0xE6, 0x97, 0x8B, 0xE8, 0xBD, 0xAC, 0xEF, 0xBC, 0x88, 0x52, 0xEF, 0xBC,
    0x89, 0x0D, 0x0A, 0x74, 0x69, 0x70, 0x5F, 0x73, 0x6C, 0x69, 0x64, 0x65, 0x2C, 0x53, 0x6C, 0x69,
    0x64, 0x65, 0x73, 0x68, 0x6F, 0x77, 0x20, 0x28, 0x53, 0x70, 0x61, 0x63, 0x65, 0x29, 0x2C, 0xE5,
    0xB9, 0xBB, 0xE7, 0x81, 0xAF, 0xE7, 0x89, 0x87, 0xE6, 0x94, 0xBE, 0xE6, 0x98, 0xA0, 0xEF, 0xBC,
    0x88, 0xE7, 0xA9, 0xBA, 0xE6, 0xA0, 0xBC, 0xEF, 0xBC, 0x89, 0x0D, 0x0A, 0x74, 0x69, 0x70, 0x5F,
    0x66, 0x75, 0x6C, 0x6C, 0x73, 0x63, 0x72, 0x65, 0x65, 0x6E, 0x2C, 0x46, 0x75, 0x6C, 0x6C, 0x73,
    0x63, 0x72, 0x65, 0x65, 0x6E, 0x20, 0x28, 0x46, 0x31, 0x31, 0x29, 0x2C, 0xE5, 0x85, 0xA8, 0xE5,
    0xB1, 0x8F, 0xEF, 0xBC, 0x88, 0x46, 0x31, 0x31, 0xEF, 0xBC, 0x89, 0x0D, 0x0A, 0x74, 0x69, 0x70,
    0x5F, 0x73, 0x65, 0x74, 0x74, 0x69, 0x6E, 0x67, 0x73, 0x2C, 0x53, 0x65, 0x74, 0x74, 0x69, 0x6E,
    0x67, 0x73, 0x20, 0x28, 0x54, 0x61, 0x62, 0x29, 0x2C, 0xE8, 0xAE, 0xBE, 0xE7, 0xBD, 0xAE, 0xEF,
    0xBC, 0x88, 0x54, 0x61, 0x62, 0xEF, 0xBC, 0x89, 0x0D, 0x0A, 0x73, 0x74, 0x61, 0x74, 0x75, 0x73,
    0x5F, 0x6C, 0x6F, 0x61, 0x64, 0x69, 0x6E, 0x67, 0x2C, 0x4C, 0x6F, 0x61, 0x64, 0x69, 0x6E, 0x67,
    0xE2, 0x80, 0xA6, 0x2C, 0xE6, 0xAD, 0xA3, 0xE5, 0x9C, 0xA8, 0xE5, 0x8A, 0xA0, 0xE8, 0xBD, 0xBD,
    0xE2, 0x80, 0xA6, 0x0D, 0x0A, 0x73, 0x74, 0x61, 0x74, 0x75, 0x73, 0x5F, 0x6E, 0x6F, 0x5F, 0x69,
    0x6D, 0x61, 0x67, 0x65, 0x2C, 0x22, 0x4E, 0x6F, 0x20, 0x69, 0x6D, 0x61, 0x67, 0x65, 0x20, 0x6F,
    0x70, 0x65, 0x6E, 0x20, 0xE2, 0x80, 0x94, 0x20, 0x70, 0x72, 0x65, 0x73, 0x73, 0x20, 0x4F, 0x20,
    0x74, 0x6F, 0x20, 0x63, 0x68, 0x6F, 0x6F, 0x73, 0x65, 0x20, 0x61, 0x6E, 0x20, 0x69, 0x6D, 0x61,
    0x67, 0x65, 0x2C, 0x20, 0x6F, 0x72, 0x20, 0x64, 0x72, 0x61, 0x67, 0x20, 0x6F, 0x6E, 0x65, 0x20,
    0x69, 0x6E, 0x74, 0x6F, 0x20, 0x74, 0x68, 0x65, 0x20, 0x77, 0x69, 0x6E, 0x64, 0x6F, 0x77, 0x22,
    0x2C, 0xE6, 0x9C, 0xAA, 0xE6, 0x89, 0x93, 0xE5, 0xBC, 0x80, 0xE5, 0x9B, 0xBE, 0xE7, 0x89, 0x87,
    0x20, 0xE2, 0x80, 0x94, 0x20, 0xE6, 0x8C, 0x89, 0x20, 0x4F, 0x20, 0xE9, 0x80, 0x89, 0xE6, 0x8B,
    0xA9, 0xE5, 0x9B, 0xBE, 0xE7, 0x89, 0x87, 0xEF, 0xBC, 0x8C, 0xE6, 0x88, 0x96, 0xE5, 0xB0, 0x86,
    0xE5, 0x9B, 0xBE, 0xE7, 0x89, 0x87, 0xE6, 0x8B, 0x96, 0xE5, 0x85, 0xA5, 0xE7, 0xAA, 0x97, 0xE5,
    0x8F, 0xA3, 0x0D, 0x0A, 0x73, 0x74, 0x61, 0x74, 0x75, 0x73, 0x5F, 0x66, 0x72, 0x61, 0x6D, 0x65,
    0x73, 0x2C, 0x22, 0x20, 0x20, 0x20, 0x25, 0x64, 0x20, 0x66, 0x72, 0x61, 0x6D, 0x65, 0x73, 0x20,
    0x28, 0x47, 0x49, 0x46, 0x29, 0x22, 0x2C, 0x22, 0x20, 0x20, 0x20, 0x25, 0x64, 0x20, 0xE5, 0xB8,
    0xA7, 0x28, 0x47, 0x49, 0x46, 0x29, 0x22, 0x0D, 0x0A, 0x73, 0x74, 0x61, 0x74, 0x75, 0x73, 0x5F,
    0x73, 0x6C, 0x69, 0x64, 0x65, 0x73, 0x68, 0x6F, 0x77, 0x2C, 0x22, 0x20, 0x20, 0x20, 0x53, 0x6C,
    0x69, 0x64, 0x65, 0x73, 0x68, 0x6F, 0x77, 0x20, 0x70, 0x6C, 0x61, 0x79, 0x69, 0x6E, 0x67, 0x22,
    0x2C, 0x22, 0x20, 0x20, 0x20, 0xE5, 0xB9, 0xBB, 0xE7, 0x81, 0xAF, 0xE7, 0x89, 0x87, 0xE6, 0x92,
    0xAD, 0xE6, 0x94, 0xBE, 0xE4, 0xB8, 0xAD, 0x22, 0x0D, 0x0A, 0x65, 0x6D, 0x70, 0x74, 0x79, 0x5F,
    0x68, 0x69, 0x6E, 0x74, 0x5F, 0x6C, 0x69, 0x6E, 0x65, 0x31, 0x2C, 0x22, 0x44, 0x72, 0x61, 0x67,
    0x20, 0x61, 0x6E, 0x20, 0x69, 0x6D, 0x61, 0x67, 0x65, 0x20, 0x68, 0x65, 0x72, 0x65, 0x2C, 0x20,
    0x6F, 0x72, 0x20, 0x70, 0x72, 0x65, 0x73, 0x73, 0x20, 0x4F, 0x20, 0x74, 0x6F, 0x20, 0x6F, 0x70,
    0x65, 0x6E, 0x20, 0x6F, 0x6E, 0x65, 0x22, 0x2C, 0xE6, 0x8A, 0x8A, 0xE5, 0x9B, 0xBE, 0xE7, 0x89,
    0x87, 0xE6, 0x8B, 0x96, 0xE5, 0x88, 0xB0, 0xE8, 0xBF, 0x99, 0xE9, 0x87, 0x8C, 0xEF, 0xBC, 0x8C,
    0xE6, 0x88, 0x96, 0xE6, 0x8C, 0x89, 0x20, 0x4F, 0x20, 0xE6, 0x89, 0x93, 0xE5, 0xBC, 0x80, 0xE5,
    0x9B, 0xBE, 0xE7, 0x89, 0x87, 0x0D, 0x0A, 0x65, 0x6D, 0x70, 0x74, 0x79, 0x5F, 0x68, 0x69, 0x6E,
    0x74, 0x5F, 0x6C, 0x69, 0x6E, 0x65, 0x32, 0x2C, 0x22, 0x53, 0x75, 0x70, 0x70, 0x6F, 0x72, 0x74,
    0x73, 0x20, 0x4A, 0x50, 0x47, 0x20, 0x2F, 0x20, 0x50, 0x4E, 0x47, 0x20, 0x2F, 0x20, 0x47, 0x49,
    0x46, 0x20, 0x2F, 0x20, 0x42, 0x4D, 0x50, 0x20, 0xE2, 0x80, 0x94, 0x20, 0x62, 0x75, 0x69, 0x6C,
    0x74, 0x2D, 0x69, 0x6E, 0x20, 0x64, 0x65, 0x63, 0x6F, 0x64, 0x65, 0x72, 0x73, 0x2C, 0x20, 0x6E,
    0x6F, 0x20, 0x73, 0x79, 0x73, 0x74, 0x65, 0x6D, 0x20, 0x63, 0x6F, 0x6D, 0x70, 0x6F, 0x6E, 0x65,
    0x6E, 0x74, 0x73, 0x22, 0x2C, 0xE6, 0x94, 0xAF, 0xE6, 0x8C, 0x81, 0x20, 0x4A, 0x50, 0x47, 0x20,
    0x2F, 0x20, 0x50, 0x4E, 0x47, 0x20, 0x2F, 0x20, 0x47, 0x49, 0x46, 0x20, 0x2F, 0x20, 0x42, 0x4D,
    0x50, 0x20, 0xE2, 0x80, 0x94, 0x20, 0xE8, 0x87, 0xAA, 0xE7, 0xA0, 0x94, 0xE8, 0xA7, 0xA3, 0xE7,
    0xA0, 0x81, 0xEF, 0xBC, 0x8C, 0xE4, 0xB8, 0x8D, 0xE4, 0xBE, 0x9D, 0xE8, 0xB5, 0x96, 0xE7, 0xB3,
    0xBB, 0xE7, 0xBB, 0x9F, 0xE7, 0xBB, 0x84, 0xE4, 0xBB, 0xB6, 0x0D, 0x0A, 0x69, 0x6E, 0x66, 0x6F,
    0x5F, 0x70, 0x61, 0x74, 0x68, 0x2C, 0x22, 0x50, 0x61, 0x74, 0x68, 0x3A, 0x20, 0x20, 0x22, 0x2C,
    0x22, 0xE8, 0xB7, 0xAF, 0xE5, 0xBE, 0x84, 0x3A, 0x20, 0x20, 0x22, 0x0D, 0x0A, 0x69, 0x6E, 0x66,
    0x6F, 0x5F, 0x73, 0x69, 0x7A, 0x65, 0x2C, 0x53, 0x69, 0x7A, 0x65, 0x3A, 0x20, 0x20, 0x25, 0x64,
    0x20, 0xC3, 0x97, 0x20, 0x25, 0x64, 0x20, 0x20, 0x20, 0x20, 0x20, 0x20, 0x20, 0x20, 0x46, 0x6F,
    0x72, 0x6D, 0x61, 0x74, 0x3A, 0x20, 0x20, 0x25, 0x73, 0x20, 0x20, 0x20, 0x20, 0x20, 0x20, 0x20,
    0x20, 0x46, 0x69, 0x6C, 0x65, 0x3A, 0x20, 0x20, 0x25, 0x73, 0x2C, 0xE5, 0xB0, 0xBA, 0xE5, 0xAF,
    0xB8, 0x3A, 0x20, 0x20, 0x25, 0x64, 0x20, 0xC3, 0x97, 0x20, 0x25, 0x64, 0x20, 0x20, 0x20, 0x20,
    0x20, 0x20, 0x20, 0x20, 0xE6, 0xA0, 0xBC, 0xE5, 0xBC, 0x8F, 0x3A, 0x20, 0x20, 0x25, 0x73, 0x20,
    0x20, 0x20, 0x20, 0x20, 0x20, 0x20, 0x20, 0xE6, 0x96, 0x87, 0xE4, 0xBB, 0xB6, 0x3A, 0x20, 0x20,
    0x25, 0x73, 0x0D, 0x0A, 0x69, 0x6E, 0x66, 0x6F, 0x5F, 0x7A, 0x6F, 0x6F, 0x6D, 0x2C, 0x5A, 0x6F,
    0x6F, 0x6D, 0x3A, 0x20, 0x20, 0x25, 0x64, 0x25, 0x25, 0x20, 0x20, 0x20, 0x20, 0x20, 0x20, 0x20,
    0x20, 0x56, 0x69, 0x65, 0x77, 0x70, 0x6F, 0x72, 0x74, 0x3A, 0x20, 0x20, 0x25, 0x64, 0x20, 0xC3,
    0x97, 0x20, 0x25, 0x64, 0x2C, 0xE7, 0xBC, 0xA9, 0xE6, 0x94, 0xBE, 0x3A, 0x20, 0x20, 0x25, 0x64,
    0x25, 0x25, 0x20, 0x20, 0x20, 0x20, 0x20, 0x20, 0x20, 0x20, 0xE8, 0xA7, 0x86, 0xE5, 0x9B, 0xBE,
    0xE5, 0x8C, 0xBA, 0xE5, 0x9F, 0x9F, 0x3A, 0x20, 0x20, 0x25, 0x64, 0x20, 0xC3, 0x97, 0x20, 0x25,
    0x64, 0x0D, 0x0A, 0x69, 0x6E, 0x66, 0x6F, 0x5F, 0x67, 0x69, 0x66, 0x5F, 0x66, 0x72, 0x61, 0x6D,
    0x65, 0x73, 0x2C, 0x47, 0x49, 0x46, 0x20, 0x66, 0x72, 0x61, 0x6D, 0x65, 0x73, 0x3A, 0x20, 0x20,
    0x25, 0x64, 0x20, 0x28, 0x73, 0x68, 0x6F, 0x77, 0x69, 0x6E, 0x67, 0x20, 0x66, 0x69, 0x72, 0x73,
    0x74, 0x20, 0x66, 0x72, 0x61, 0x6D, 0x65, 0x29, 0x2C, 0x47, 0x49, 0x46, 0x20, 0xE5, 0xB8, 0xA7,
    0xE6, 0x95, 0xB0, 0x3A, 0x20, 0x20, 0x25, 0x64, 0xEF, 0xBC, 0x88, 0xE6, 0x98, 0xBE, 0xE7, 0xA4,
    0xBA, 0xE7, 0xAC, 0xAC, 0xE4, 0xB8, 0x80, 0xE5, 0xB8, 0xA7, 0xEF, 0xBC, 0x89, 0x0D, 0x0A, 0x69,
    0x6E, 0x66, 0x6F, 0x5F, 0x63, 0x61, 0x6D, 0x65, 0x72, 0x61, 0x2C, 0x22, 0x43, 0x61, 0x6D, 0x65,
    0x72, 0x61, 0x3A, 0x20, 0x20, 0x22, 0x2C, 0x22, 0xE7, 0x9B, 0xB8, 0xE6, 0x9C, 0xBA, 0x3A, 0x20,
    0x20, 0x22, 0x0D, 0x0A, 0x69, 0x6E, 0x66, 0x6F, 0x5F, 0x64, 0x61, 0x74, 0x65, 0x2C, 0x22, 0x44,
    0x61, 0x74, 0x65, 0x20, 0x74, 0x61, 0x6B, 0x65, 0x6E, 0x3A, 0x20, 0x20, 0x22, 0x2C, 0x22, 0xE6,
    0x8B, 0x8D, 0xE6, 0x91, 0x84, 0xE6, 0x97, 0xB6, 0xE9, 0x97, 0xB4, 0x3A, 0x20, 0x20, 0x22, 0x0D,
    0x0A, 0x69, 0x6E, 0x66, 0x6F, 0x5F, 0x73, 0x68, 0x75, 0x74, 0x74, 0x65, 0x72, 0x2C, 0x22, 0x53,
    0x68, 0x75, 0x74, 0x74, 0x65, 0x72, 0x20, 0x22, 0x2C, 0x22, 0xE5, 0xBF, 0xAB, 0xE9, 0x97, 0xA8,
    0x20, 0x22, 0x0D, 0x0A, 0x69, 0x6E, 0x66, 0x6F, 0x5F, 0x61, 0x70, 0x65, 0x72, 0x74, 0x75, 0x72,
    0x65, 0x2C, 0x22, 0x41, 0x70, 0x65, 0x72, 0x74, 0x75, 0x72, 0x65, 0x20, 0x22, 0x2C, 0x22, 0xE5,
    0x85, 0x89, 0xE5, 0x9C, 0x88, 0x20, 0x22, 0x0D, 0x0A, 0x69, 0x6E, 0x66, 0x6F, 0x5F, 0x66, 0x6F,
    0x63, 0x61, 0x6C, 0x2C, 0x22, 0x46, 0x6F, 0x63, 0x61, 0x6C, 0x20, 0x6C, 0x65, 0x6E, 0x67, 0x74,
    0x68, 0x20, 0x22, 0x2C, 0x22, 0xE7, 0x84, 0xA6, 0xE8, 0xB7, 0x9D, 0x20, 0x22, 0x0D, 0x0A, 0x69,
    0x6E, 0x66, 0x6F, 0x5F, 0x65, 0x78, 0x69, 0x66, 0x5F, 0x6F, 0x72, 0x69, 0x65, 0x6E, 0x74, 0x61,
    0x74, 0x69, 0x6F, 0x6E, 0x2C, 0x45, 0x58, 0x49, 0x46, 0x20, 0x6F, 0x72, 0x69, 0x65, 0x6E, 0x74,
    0x61, 0x74, 0x69, 0x6F, 0x6E, 0x3A, 0x20, 0x20, 0x25, 0x64, 0x20, 0x28, 0x61, 0x75, 0x74, 0x6F,
    0x2D, 0x63, 0x6F, 0x72, 0x72, 0x65, 0x63, 0x74, 0x65, 0x64, 0x29, 0x2C, 0x45, 0x58, 0x49, 0x46,
    0x20, 0xE6, 0x96, 0xB9, 0xE5, 0x90, 0x91, 0x3A, 0x20, 0x20, 0x25, 0x64, 0xEF, 0xBC, 0x88, 0xE5,
    0xB7, 0xB2, 0xE8, 0x87, 0xAA, 0xE5, 0x8A, 0xA8, 0xE6, 0xA0, 0xA1, 0xE6, 0xAD, 0xA3, 0xEF, 0xBC,
    0x89, 0x0D, 0x0A, 0x69, 0x6E, 0x66, 0x6F, 0x5F, 0x63, 0x6C, 0x6F, 0x73, 0x65, 0x5F, 0x68, 0x69,
    0x6E, 0x74, 0x2C, 0x50, 0x72, 0x65, 0x73, 0x73, 0x20, 0x49, 0x20, 0x6F, 0x72, 0x20, 0x63, 0x6C,
    0x69, 0x63, 0x6B, 0x20, 0x61, 0x6E, 0x79, 0x77, 0x68, 0x65, 0x72, 0x65, 0x20, 0x74, 0x6F, 0x20,
    0x63, 0x6C, 0x6F, 0x73, 0x65, 0x2C, 0xE6, 0x8C, 0x89, 0x20, 0x49, 0x20, 0xE6, 0x88, 0x96, 0xE7,
    0x82, 0xB9, 0xE5, 0x87, 0xBB, 0xE4, 0xBB, 0xBB, 0xE6, 0x84, 0x8F, 0xE5, 0xA4, 0x84, 0xE5, 0x85,
    0xB3, 0xE9, 0x97, 0xAD, 0x0D, 0x0A, 0x70, 0x61, 0x6E, 0x65, 0x6C, 0x5F, 0x74, 0x68, 0x69, 0x73,
    0x5F, 0x70, 0x63, 0x2C, 0x54, 0x68, 0x69, 0x73, 0x20, 0x50, 0x43, 0x2C, 0xE6, 0xAD, 0xA4, 0xE7,
    0x94, 0xB5, 0xE8, 0x84, 0x91, 0x0D, 0x0A, 0x70, 0x61, 0x6E, 0x65, 0x6C, 0x5F, 0x6F, 0x70, 0x65,
    0x6E, 0x5F, 0x74, 0x69, 0x74, 0x6C, 0x65, 0x2C, 0x4F, 0x70, 0x65, 0x6E, 0x20, 0x69, 0x6D, 0x61,
    0x67, 0x65, 0x2C, 0xE6, 0x89, 0x93, 0xE5, 0xBC, 0x80, 0xE5, 0x9B, 0xBE, 0xE7, 0x89, 0x87, 0x0D,
    0x0A, 0x70, 0x61, 0x6E, 0x65, 0x6C, 0x5F, 0x62, 0x61, 0x63, 0x6B, 0x5F, 0x68, 0x69, 0x6E, 0x74,
    0x2C, 0x54, 0x68, 0x69, 0x73, 0x20, 0x50, 0x43, 0x20, 0x28, 0x63, 0x6C, 0x69, 0x63, 0x6B, 0x20,
    0x74, 0x69, 0x74, 0x6C, 0x65, 0x20, 0x74, 0x6F, 0x20, 0x67, 0x6F, 0x20, 0x62, 0x61, 0x63, 0x6B,
    0x29, 0x2C, 0xE6, 0xAD, 0xA4, 0xE7, 0x94, 0xB5, 0xE8, 0x84, 0x91, 0xEF, 0xBC, 0x88, 0xE7, 0x82,
    0xB9, 0xE5, 0x87, 0xBB, 0xE6, 0xA0, 0x87, 0xE9, 0xA2, 0x98, 0xE8, 0xBF, 0x94, 0xE5, 0x9B, 0x9E,
    0xEF, 0xBC, 0x89, 0x0D, 0x0A, 0x70, 0x61, 0x6E, 0x65, 0x6C, 0x5F, 0x6E, 0x6F, 0x5F, 0x66, 0x69,
    0x6C, 0x65, 0x73, 0x2C, 0x28, 0x4E, 0x6F, 0x20, 0x69, 0x6D, 0x61, 0x67, 0x65, 0x20, 0x66, 0x69,
    0x6C, 0x65, 0x73, 0x29, 0x2C, 0xEF, 0xBC, 0x88, 0xE6, 0xB2, 0xA1, 0xE6, 0x9C, 0x89, 0xE5, 0x9B,
    0xBE, 0xE7, 0x89, 0x87, 0xE6, 0x96, 0x87, 0xE4, 0xBB, 0xB6, 0xEF, 0xBC, 0x89, 0x0D, 0x0A, 0x70,
    0x61, 0x6E, 0x65, 0x6C, 0x5F, 0x6B, 0x65, 0x79, 0x5F, 0x68, 0x69, 0x6E, 0x74, 0x2C, 0x44, 0x6F,
    0x75, 0x62, 0x6C, 0x65, 0x2D, 0x63, 0x6C, 0x69, 0x63, 0x6B, 0x2F, 0x45, 0x6E, 0x74, 0x65, 0x72,
    0x20, 0x6F, 0x70, 0x65, 0x6E, 0x20, 0xC2, 0xB7, 0x20, 0x42, 0x61, 0x63, 0x6B, 0x73, 0x70, 0x61,
    0x63, 0x65, 0x20, 0x75, 0x70, 0x20, 0xC2, 0xB7, 0x20, 0x45, 0x73, 0x63, 0x20, 0x63, 0x6C, 0x6F,
    0x73, 0x65, 0x2C, 0xE5, 0x8F, 0x8C, 0xE5, 0x87, 0xBB, 0x2F, 0xE5, 0x9B, 0x9E, 0xE8, 0xBD, 0xA6,
    0x20, 0xE6, 0x89, 0x93, 0xE5, 0xBC, 0x80, 0x20, 0xC2, 0xB7, 0x20, 0xE9, 0x80, 0x80, 0xE6, 0xA0,
    0xBC, 0x20, 0xE4, 0xB8, 0x8A, 0xE4, 0xB8, 0x80, 0xE5, 0xB1, 0x82, 0x20, 0xC2, 0xB7, 0x20, 0x45,
    0x73, 0x63, 0x20, 0xE5, 0x85, 0xB3, 0xE9, 0x97, 0xAD, 0x0D, 0x0A, 0x74, 0x6F, 0x61, 0x73, 0x74,
    0x5F, 0x63, 0x61, 0x6E, 0x6E, 0x6F, 0x74, 0x5F, 0x6F, 0x70, 0x65, 0x6E, 0x5F, 0x64, 0x69, 0x72,
    0x2C, 0x43, 0x61, 0x6E, 0x6E, 0x6F, 0x74, 0x20, 0x6F, 0x70, 0x65, 0x6E, 0x20, 0x66, 0x6F, 0x6C,
    0x64, 0x65, 0x72, 0x2C, 0xE6, 0x97, 0xA0, 0xE6, 0xB3, 0x95, 0xE6, 0x89, 0x93, 0xE5, 0xBC, 0x80,
    0xE6, 0x96, 0x87, 0xE4, 0xBB, 0xB6, 0xE5, 0xA4, 0xB9, 0x0D, 0x0A, 0x74, 0x6F, 0x61, 0x73, 0x74,
    0x5F, 0x6F, 0x6E, 0x6C, 0x79, 0x5F, 0x6F, 0x6E, 0x65, 0x2C, 0x4F, 0x6E, 0x6C, 0x79, 0x20, 0x6F,
    0x6E, 0x65, 0x20, 0x69, 0x6D, 0x61, 0x67, 0x65, 0x20, 0x69, 0x6E, 0x20, 0x74, 0x68, 0x69, 0x73,
    0x20, 0x66, 0x6F, 0x6C, 0x64, 0x65, 0x72, 0x2C, 0xE7, 0x9B, 0xAE, 0xE5, 0xBD, 0x95, 0xE4, 0xB8,
    0xAD, 0xE5, 0x8F, 0xAA, 0xE6, 0x9C, 0x89, 0xE8, 0xBF, 0x99, 0xE4, 0xB8, 0x80, 0xE5, 0xBC, 0xA0,
    0xE5, 0x9B, 0xBE, 0xE7, 0x89, 0x87, 0x0D, 0x0A, 0x74, 0x6F, 0x61, 0x73, 0x74, 0x5F, 0x6C, 0x61,
    0x73, 0x74, 0x2C, 0x41, 0x6C, 0x72, 0x65, 0x61, 0x64, 0x79, 0x20, 0x61, 0x74, 0x20, 0x74, 0x68,
    0x65, 0x20, 0x6C, 0x61, 0x73, 0x74, 0x20, 0x69, 0x6D, 0x61, 0x67, 0x65, 0x2C, 0xE5, 0xB7, 0xB2,
    0xE7, 0xBB, 0x8F, 0xE6, 0x98, 0xAF, 0xE6, 0x9C, 0x80, 0xE5, 0x90, 0x8E, 0xE4, 0xB8, 0x80, 0xE5,
    0xBC, 0xA0, 0x0D, 0x0A, 0x74, 0x6F, 0x61, 0x73, 0x74, 0x5F, 0x66, 0x69, 0x72, 0x73, 0x74, 0x2C,
    0x41, 0x6C, 0x72, 0x65, 0x61, 0x64, 0x79, 0x20, 0x61, 0x74, 0x20, 0x74, 0x68, 0x65, 0x20, 0x66,
    0x69, 0x72, 0x73, 0x74, 0x20, 0x69, 0x6D, 0x61, 0x67, 0x65, 0x2C, 0xE5, 0xB7, 0xB2, 0xE7, 0xBB,
    0x8F, 0xE6, 0x98, 0xAF, 0xE7, 0xAC, 0xAC, 0xE4, 0xB8, 0x80, 0xE5, 0xBC, 0xA0, 0x0D, 0x0A, 0x74,
    0x6F, 0x61, 0x73, 0x74, 0x5F, 0x6E, 0x6F, 0x5F, 0x66, 0x69, 0x6C, 0x65, 0x2C, 0x46, 0x69, 0x6C,
    0x65, 0x20, 0x64, 0x6F, 0x65, 0x73, 0x20, 0x6E, 0x6F, 0x74, 0x20, 0x65, 0x78, 0x69, 0x73, 0x74,
    0x2C, 0xE6, 0x96, 0x87, 0xE4, 0xBB, 0xB6, 0xE4, 0xB8, 0x8D, 0xE5, 0xAD, 0x98, 0xE5, 0x9C, 0xA8,
    0x0D, 0x0A, 0x74, 0x6F, 0x61, 0x73, 0x74, 0x5F, 0x63, 0x61, 0x6E, 0x6E, 0x6F, 0x74, 0x5F, 0x6F,
    0x70, 0x65, 0x6E, 0x2C, 0x43, 0x61, 0x6E, 0x6E, 0x6F, 0x74, 0x20, 0x6F, 0x70, 0x65, 0x6E, 0x3A,
    0x20, 0x25, 0x73, 0x2C, 0xE6, 0x97, 0xA0, 0xE6, 0xB3, 0x95, 0xE6, 0x89, 0x93, 0xE5, 0xBC, 0x80,
    0x3A, 0x20, 0x25, 0x73, 0x0D, 0x0A, 0x74, 0x6F, 0x61, 0x73, 0x74, 0x5F, 0x61, 0x73, 0x73, 0x6F,
    0x63, 0x5F, 0x6F, 0x66, 0x66, 0x2C, 0x46, 0x69, 0x6C, 0x65, 0x20, 0x61, 0x73, 0x73, 0x6F, 0x63,
    0x69, 0x61, 0x74, 0x69, 0x6F, 0x6E, 0x20, 0x72, 0x65, 0x6D, 0x6F, 0x76, 0x65, 0x64, 0x2C, 0xE5,
    0xB7, 0xB2, 0xE5, 0x8F, 0x96, 0xE6, 0xB6, 0x88, 0xE6, 0x96, 0x87, 0xE4, 0xBB, 0xB6, 0xE5, 0x85,
    0xB3, 0xE8, 0x81, 0x94, 0x0D, 0x0A, 0x74, 0x6F, 0x61, 0x73, 0x74, 0x5F, 0x61, 0x73, 0x73, 0x6F,
    0x63, 0x5F, 0x6F, 0x6E, 0x2C, 0x22, 0x52, 0x65, 0x67, 0x69, 0x73, 0x74, 0x65, 0x72, 0x65, 0x64,
    0x3A, 0x20, 0x4C, 0x69, 0x74, 0x65, 0x56, 0x69, 0x65, 0x77, 0x20, 0x69, 0x73, 0x20, 0x61, 0x76,
    0x61, 0x69, 0x6C, 0x61, 0x62, 0x6C, 0x65, 0x20, 0x69, 0x6E, 0x20, 0x22, 0x22, 0x4F, 0x70, 0x65,
    0x6E, 0x20, 0x77, 0x69, 0x74, 0x68, 0x22, 0x22, 0x22, 0x2C, 0xE5, 0xB7, 0xB2, 0xE6, 0xB3, 0xA8,
    0xE5, 0x86, 0x8C, 0xEF, 0xBC, 0x9A, 0xE5, 0x8F, 0xAF, 0xE5, 0x9C, 0xA8, 0xE2, 0x80, 0x9C, 0xE6,
    0x89, 0x93, 0xE5, 0xBC, 0x80, 0xE6, 0x96, 0xB9, 0xE5, 0xBC, 0x8F, 0xE2, 0x80, 0x9D, 0xE4, 0xB8,
    0xAD, 0xE9, 0x80, 0x89, 0xE6, 0x8B, 0xA9, 0x20, 0x4C, 0x69, 0x74, 0x65, 0x56, 0x69, 0x65, 0x77,
    0x0D, 0x0A, 0x74, 0x6F, 0x61, 0x73, 0x74, 0x5F, 0x61, 0x73, 0x73, 0x6F, 0x63, 0x5F, 0x66, 0x61,
    0x69, 0x6C, 0x2C, 0x52, 0x65, 0x67, 0x69, 0x73, 0x74, 0x72, 0x61, 0x74, 0x69, 0x6F, 0x6E, 0x20,
    0x66, 0x61, 0x69, 0x6C, 0x65, 0x64, 0x2C, 0xE6, 0xB3, 0xA8, 0xE5, 0x86, 0x8C, 0xE5, 0xA4, 0xB1,
    0xE8, 0xB4, 0xA5, 0x0D, 0x0A, 0x74, 0x6F, 0x61, 0x73, 0x74, 0x5F, 0x64, 0x65, 0x66, 0x61, 0x75,
    0x6C, 0x74, 0x73, 0x5F, 0x72, 0x65, 0x73, 0x74, 0x6F, 0x72, 0x65, 0x64, 0x2C, 0x44, 0x65, 0x66,
    0x61, 0x75, 0x6C, 0x74, 0x73, 0x20, 0x72, 0x65, 0x73, 0x74, 0x6F, 0x72, 0x65, 0x64, 0x2C, 0xE5,
    0xB7, 0xB2, 0xE6, 0x81, 0xA2, 0xE5, 0xA4, 0x8D, 0xE9, 0xBB, 0x98, 0xE8, 0xAE, 0xA4, 0xE8, 0xAE,
    0xBE, 0xE7, 0xBD, 0xAE, 0x0D, 0x0A, 0x73, 0x65, 0x74, 0x74, 0x69, 0x6E, 0x67, 0x73, 0x5F, 0x74,
    0x69, 0x74, 0x6C, 0x65, 0x2C, 0x53, 0x65, 0x74, 0x74, 0x69, 0x6E, 0x67, 0x73, 0x2C, 0xE8, 0xAE,
    0xBE, 0xE7, 0xBD, 0xAE, 0x0D, 0x0A, 0x73, 0x65, 0x74, 0x74, 0x69, 0x6E, 0x67, 0x73, 0x5F, 0x62,
    0x67, 0x2C, 0x42, 0x61, 0x63, 0x6B, 0x67, 0x72, 0x6F, 0x75, 0x6E, 0x64, 0x20, 0x63, 0x6F, 0x6C,
    0x6F, 0x72, 0x2C, 0xE8, 0x83, 0x8C, 0xE6, 0x99, 0xAF, 0xE9, 0xA2, 0x9C, 0xE8, 0x89, 0xB2, 0x0D,
    0x0A, 0x73, 0x65, 0x74, 0x74, 0x69, 0x6E, 0x67, 0x73, 0x5F, 0x62, 0x67, 0x5F, 0x62, 0x6C, 0x61,
    0x63, 0x6B, 0x2C, 0x42, 0x6C, 0x61, 0x63, 0x6B, 0x2C, 0xE9, 0xBB, 0x91, 0xE8, 0x89, 0xB2, 0x0D,
    0x0A, 0x73, 0x65, 0x74, 0x74, 0x69, 0x6E, 0x67, 0x73, 0x5F, 0x62, 0x67, 0x5F, 0x64, 0x61, 0x72,
    0x6B, 0x2C, 0x44, 0x61, 0x72, 0x6B, 0x20, 0x67, 0x72, 0x61, 0x79, 0x2C, 0xE6, 0xB7, 0xB1, 0xE7,
    0x81, 0xB0, 0x0D, 0x0A, 0x73, 0x65, 0x74, 0x74, 0x69, 0x6E, 0x67, 0x73, 0x5F, 0x62, 0x67, 0x5F,
    0x6C, 0x69, 0x67, 0x68, 0x74, 0x2C, 0x4C, 0x69, 0x67, 0x68, 0x74, 0x20, 0x67, 0x72, 0x61, 0x79,
    0x2C, 0xE6, 0xB5, 0x85, 0xE7, 0x81, 0xB0, 0x0D, 0x0A, 0x73, 0x65, 0x74, 0x74, 0x69, 0x6E, 0x67,
    0x73, 0x5F, 0x62, 0x67, 0x5F, 0x77, 0x68, 0x69, 0x74, 0x65, 0x2C, 0x57, 0x68, 0x69, 0x74, 0x65,
    0x2C, 0xE7, 0x99, 0xBD, 0xE8, 0x89, 0xB2, 0x0D, 0x0A, 0x73, 0x65, 0x74, 0x74, 0x69, 0x6E, 0x67,
    0x73, 0x5F, 0x66, 0x69, 0x74, 0x5F, 0x6F, 0x6E, 0x5F, 0x6F, 0x70, 0x65, 0x6E, 0x2C, 0x5A, 0x6F,
    0x6F, 0x6D, 0x20, 0x77, 0x68, 0x65, 0x6E, 0x20, 0x6F, 0x70, 0x65, 0x6E, 0x69, 0x6E, 0x67, 0x20,
    0x61, 0x6E, 0x20, 0x69, 0x6D, 0x61, 0x67, 0x65, 0x2C, 0xE6, 0x89, 0x93, 0xE5, 0xBC, 0x80, 0xE5,
    0x9B, 0xBE, 0xE7, 0x89, 0x87, 0xE6, 0x97, 0xB6, 0xE7, 0x9A, 0x84, 0xE7, 0xBC, 0xA9, 0xE6, 0x94,
    0xBE, 0x0D, 0x0A, 0x73, 0x65, 0x74, 0x74, 0x69, 0x6E, 0x67, 0x73, 0x5F, 0x66, 0x69, 0x74, 0x2C,
    0x46, 0x69, 0x74, 0x20, 0x74, 0x6F, 0x20, 0x77, 0x69, 0x6E, 0x64, 0x6F, 0x77, 0x2C, 0xE9, 0x80,
    0x82, 0xE5, 0xBA, 0x94, 0xE7, 0xAA, 0x97, 0xE5, 0x8F, 0xA3, 0x0D, 0x0A, 0x73, 0x65, 0x74, 0x74,
    0x69, 0x6E, 0x67, 0x73, 0x5F, 0x61, 0x63, 0x74, 0x75, 0x61, 0x6C, 0x2C, 0x41, 0x63, 0x74, 0x75,
    0x61, 0x6C, 0x20, 0x73, 0x69, 0x7A, 0x65, 0x2C, 0xE5, 0x8E, 0x9F, 0xE5, 0xA7, 0x8B, 0xE5, 0xA4,
    0xA7, 0xE5, 0xB0, 0x8F, 0x0D, 0x0A, 0x73, 0x65, 0x74, 0x74, 0x69, 0x6E, 0x67, 0x73, 0x5F, 0x66,
    0x69, 0x74, 0x5F, 0x6C, 0x61, 0x73, 0x74, 0x2C, 0x52, 0x65, 0x6D, 0x65, 0x6D, 0x62, 0x65, 0x72,
    0x20, 0x6C, 0x61, 0x73, 0x74, 0x2C, 0xE8, 0xAE, 0xB0, 0xE4, 0xBD, 0x8F, 0xE4, 0xB8, 0x8A, 0xE6,
    0xAC, 0xA1, 0x0D, 0x0A, 0x73, 0x65, 0x74, 0x74, 0x69, 0x6E, 0x67, 0x73, 0x5F, 0x69, 0x6E, 0x74,
    0x65, 0x72, 0x70, 0x2C, 0x5A, 0x6F, 0x6F, 0x6D, 0x20, 0x69, 0x6E, 0x74, 0x65, 0x72, 0x70, 0x6F,
    0x6C, 0x61, 0x74, 0x69, 0x6F, 0x6E, 0x20, 0x28, 0x61, 0x62, 0x6F, 0x76, 0x65, 0x20, 0x31, 0x30,
    0x30, 0x25, 0x29, 0x2C, 0xE6, 0x94, 0xBE, 0xE5, 0xA4, 0xA7, 0xE6, 0x8F, 0x92, 0xE5, 0x80, 0xBC,
    0xEF, 0xBC, 0x88, 0xE5, 0xA4, 0xA7, 0xE4, 0xBA, 0x8E, 0x20, 0x31, 0x30, 0x30, 0x25, 0x20, 0xE6,
    0x97, 0xB6, 0xEF, 0xBC, 0x89, 0x0D, 0x0A, 0x73, 0x65, 0x74, 0x74, 0x69, 0x6E, 0x67, 0x73, 0x5F,
    0x69, 0x6E, 0x74, 0x65, 0x72, 0x70, 0x5F, 0x73, 0x6D, 0x6F, 0x6F, 0x74, 0x68, 0x2C, 0x53, 0x6D,
    0x6F, 0x6F, 0x74, 0x68, 0x20, 0x28, 0x62, 0x69, 0x6C, 0x69, 0x6E, 0x65, 0x61, 0x72, 0x29, 0x2C,
    0xE5, 0xB9, 0xB3, 0xE6, 0xBB, 0x91, 0xEF, 0xBC, 0x88, 0xE5, 0x8F, 0x8C, 0xE7, 0xBA, 0xBF, 0xE6,
    0x80, 0xA7, 0xEF, 0xBC, 0x89, 0x0D, 0x0A, 0x73, 0x65, 0x74, 0x74, 0x69, 0x6E, 0x67, 0x73, 0x5F,
    0x69, 0x6E, 0x74, 0x65, 0x72, 0x70, 0x5F, 0x73, 0x68, 0x61, 0x72, 0x70, 0x2C, 0x53, 0x68, 0x61,
    0x72, 0x70, 0x20, 0x28, 0x6E, 0x65, 0x61, 0x72, 0x65, 0x73, 0x74, 0x29, 0x2C, 0xE9, 0x94, 0x90,
    0xE5, 0x88, 0xA9, 0xEF, 0xBC, 0x88, 0xE6, 0x9C, 0x80, 0xE8, 0xBF, 0x91, 0xE9, 0x82, 0xBB, 0xEF,
    0xBC, 0x89, 0x0D, 0x0A, 0x73, 0x65, 0x74, 0x74, 0x69, 0x6E, 0x67, 0x73, 0x5F, 0x65, 0x78, 0x69,
    0x66, 0x5F, 0x72, 0x6F, 0x74, 0x61, 0x74, 0x65, 0x2C, 0x41, 0x75, 0x74, 0x6F, 0x2D, 0x63, 0x6F,
    0x72, 0x72, 0x65, 0x63, 0x74, 0x20, 0x62, 0x79, 0x20, 0x45, 0x58, 0x49, 0x46, 0x20, 0x6F, 0x72,
    0x69, 0x65, 0x6E, 0x74, 0x61, 0x74, 0x69, 0x6F, 0x6E, 0x2C, 0xE6, 0x8C, 0x89, 0x20, 0x45, 0x58,
    0x49, 0x46, 0x20, 0xE6, 0x96, 0xB9, 0xE5, 0x90, 0x91, 0xE8, 0x87, 0xAA, 0xE5, 0x8A, 0xA8, 0xE6,
    0xA0, 0xA1, 0xE6, 0xAD, 0xA3, 0x0D, 0x0A, 0x73, 0x65, 0x74, 0x74, 0x69, 0x6E, 0x67, 0x73, 0x5F,
    0x73, 0x6C, 0x69, 0x64, 0x65, 0x5F, 0x69, 0x6E, 0x74, 0x65, 0x72, 0x76, 0x61, 0x6C, 0x2C, 0x53,
    0x6C, 0x69, 0x64, 0x65, 0x73, 0x68, 0x6F, 0x77, 0x20, 0x69, 0x6E, 0x74, 0x65, 0x72, 0x76, 0x61,
    0x6C, 0x2C, 0xE5, 0xB9, 0xBB, 0xE7, 0x81, 0xAF, 0xE7, 0x89, 0x87, 0xE9, 0x97, 0xB4, 0xE9, 0x9A,
    0x94, 0x0D, 0x0A, 0x73, 0x65, 0x74, 0x74, 0x69, 0x6E, 0x67, 0x73, 0x5F, 0x73, 0x6C, 0x69, 0x64,
    0x65, 0x5F, 0x6C, 0x6F, 0x6F, 0x70, 0x2C, 0x53, 0x6C, 0x69, 0x64, 0x65, 0x73, 0x68, 0x6F, 0x77,
    0x20, 0x6C, 0x6F, 0x6F, 0x70, 0x2C, 0xE5, 0xB9, 0xBB, 0xE7, 0x81, 0xAF, 0xE7, 0x89, 0x87, 0xE5,
    0xBE, 0xAA, 0xE7, 0x8E, 0xAF, 0x0D, 0x0A, 0x73, 0x65, 0x74, 0x74, 0x69, 0x6E, 0x67, 0x73, 0x5F,
    0x72, 0x65, 0x6D, 0x65, 0x6D, 0x62, 0x65, 0x72, 0x5F, 0x64, 0x69, 0x72, 0x2C, 0x52, 0x65, 0x6D,
    0x65, 0x6D, 0x62, 0x65, 0x72, 0x20, 0x6C, 0x61, 0x73, 0x74, 0x20, 0x66, 0x6F, 0x6C, 0x64, 0x65,
    0x72, 0x2C, 0xE8, 0xAE, 0xB0, 0xE5, 0xBF, 0x86, 0xE6, 0x9C, 0x80, 0xE8, 0xBF, 0x91, 0xE4, 0xBD,
    0xBF, 0xE7, 0x94, 0xA8, 0xE7, 0x9A, 0x84, 0xE6, 0x96, 0x87, 0xE4, 0xBB, 0xB6, 0xE5, 0xA4, 0xB9,
    0x0D, 0x0A, 0x73, 0x65, 0x74, 0x74, 0x69, 0x6E, 0x67, 0x73, 0x5F, 0x6D, 0x61, 0x78, 0x69, 0x6D,
    0x69, 0x7A, 0x65, 0x64, 0x2C, 0x53, 0x74, 0x61, 0x72, 0x74, 0x20, 0x6D, 0x61, 0x78, 0x69, 0x6D,
    0x69, 0x7A, 0x65, 0x64, 0x2C, 0xE5, 0x90, 0xAF, 0xE5, 0x8A, 0xA8, 0xE6, 0x97, 0xB6, 0xE6, 0x9C,
    0x80, 0xE5, 0xA4, 0xA7, 0xE5, 0x8C, 0x96, 0xE7, 0xAA, 0x97, 0xE5, 0x8F, 0xA3, 0x0D, 0x0A, 0x73,
    0x65, 0x74, 0x74, 0x69, 0x6E, 0x67, 0x73, 0x5F, 0x74, 0x6F, 0x70, 0x6D, 0x6F, 0x73, 0x74, 0x2C,
    0x41, 0x6C, 0x77, 0x61, 0x79, 0x73, 0x20, 0x6F, 0x6E, 0x20, 0x74, 0x6F, 0x70, 0x2C, 0xE7, 0xAA,
    0x97, 0xE5, 0x8F, 0xA3, 0xE7, 0xBD, 0xAE, 0xE9, 0xA1, 0xB6, 0x0D, 0x0A, 0x73, 0x65, 0x74, 0x74,
    0x69, 0x6E, 0x67, 0x73, 0x5F, 0x6C, 0x6F, 0x6F, 0x70, 0x5F, 0x66, 0x69, 0x6C, 0x65, 0x73, 0x2C,
    0x4C, 0x6F, 0x6F, 0x70, 0x20, 0x61, 0x66, 0x74, 0x65, 0x72, 0x20, 0x6C, 0x61, 0x73, 0x74, 0x20,
    0x69, 0x6D, 0x61, 0x67, 0x65, 0x2C, 0xE6, 0xB5, 0x8F, 0xE8, 0xA7, 0x88, 0xE5, 0x88, 0xB0, 0xE6,
    0x9C, 0xAB, 0xE5, 0xB0, 0xBE, 0xE5, 0x90, 0x8E, 0xE5, 0xBE, 0xAA, 0xE7, 0x8E, 0xAF, 0x0D, 0x0A,
    0x73, 0x65, 0x74, 0x74, 0x69, 0x6E, 0x67, 0x73, 0x5F, 0x6C, 0x61, 0x6E, 0x67, 0x75, 0x61, 0x67,
    0x65, 0x2C, 0x4C, 0x61, 0x6E, 0x67, 0x75, 0x61, 0x67, 0x65, 0x2C, 0xE8, 0xAF, 0xAD, 0xE8, 0xA8,
    0x80, 0x0D, 0x0A, 0x73, 0x65, 0x74, 0x74, 0x69, 0x6E, 0x67, 0x73, 0x5F, 0x6C, 0x61, 0x6E, 0x67,
    0x75, 0x61, 0x67, 0x65, 0x5F, 0x61, 0x75, 0x74, 0x6F, 0x2C, 0x41, 0x75, 0x74, 0x6F, 0x20, 0x28,
    0x66, 0x6F, 0x6C, 0x6C, 0x6F, 0x77, 0x20, 0x73, 0x79, 0x73, 0x74, 0x65, 0x6D, 0x29, 0x2C, 0xE8,
    0x87, 0xAA, 0xE5, 0x8A, 0xA8, 0xEF, 0xBC, 0x88, 0xE8, 0xB7, 0x9F, 0xE9, 0x9A, 0x8F, 0xE7, 0xB3,
    0xBB, 0xE7, 0xBB, 0x9F, 0xEF, 0xBC, 0x89, 0x0D, 0x0A, 0x73, 0x65, 0x74, 0x74, 0x69, 0x6E, 0x67,
    0x73, 0x5F, 0x6C, 0x61, 0x6E, 0x67, 0x75, 0x61, 0x67, 0x65, 0x5F, 0x65, 0x6E, 0x2C, 0x45, 0x6E,
    0x67, 0x6C, 0x69, 0x73, 0x68, 0x2C, 0x45, 0x6E, 0x67, 0x6C, 0x69, 0x73, 0x68, 0x0D, 0x0A, 0x73,
    0x65, 0x74, 0x74, 0x69, 0x6E, 0x67, 0x73, 0x5F, 0x61, 0x73, 0x73, 0x6F, 0x63, 0x2C, 0x22, 0x46,
    0x69, 0x6C, 0x65, 0x20, 0x61, 0x73, 0x73, 0x6F, 0x63, 0x69, 0x61, 0x74, 0x69, 0x6F, 0x6E, 0x20,
    0x28, 0x61, 0x64, 0x64, 0x20, 0x74, 0x6F, 0x20, 0x22, 0x22, 0x4F, 0x70, 0x65, 0x6E, 0x20, 0x77,
    0x69, 0x74, 0x68, 0x22, 0x22, 0x29, 0x22, 0x2C, 0xE6, 0x96, 0x87, 0xE4, 0xBB, 0xB6, 0xE5, 0x85,
    0xB3, 0xE8, 0x81, 0x94, 0xEF, 0xBC, 0x88, 0xE6, 0xB7, 0xBB, 0xE5, 0x8A, 0xA0, 0xE5, 0x88, 0xB0,
    0xE2, 0x80, 0x9C, 0xE6, 0x89, 0x93, 0xE5, 0xBC, 0x80, 0xE6, 0x96, 0xB9, 0xE5, 0xBC, 0x8F, 0xE2,
    0x80, 0x9D, 0xEF, 0xBC, 0x89, 0x0D, 0x0A, 0x73, 0x65, 0x74, 0x74, 0x69, 0x6E, 0x67, 0x73, 0x5F,
    0x61, 0x73, 0x73, 0x6F, 0x63, 0x5F, 0x6F, 0x6E, 0x2C, 0x52, 0x65, 0x67, 0x69, 0x73, 0x74, 0x65,
    0x72, 0x65, 0x64, 0x20, 0xC2, 0xB7, 0x20, 0x63, 0x6C, 0x69, 0x63, 0x6B, 0x20, 0x74, 0x6F, 0x20,
    0x72, 0x65, 0x6D, 0x6F, 0x76, 0x65, 0x2C, 0xE5, 0xB7, 0xB2, 0xE6, 0xB3, 0xA8, 0xE5, 0x86, 0x8C,
    0x20, 0xC2, 0xB7, 0x20, 0xE7, 0x82, 0xB9, 0xE5, 0x87, 0xBB, 0xE5, 0x8F, 0x96, 0xE6, 0xB6, 0x88,
    0x0D, 0x0A, 0x73, 0x65, 0x74, 0x74, 0x69, 0x6E, 0x67, 0x73, 0x5F, 0x61, 0x73, 0x73, 0x6F, 0x63,
    0x5F, 0x6F, 0x66, 0x66, 0x2C, 0x4E, 0x6F, 0x74, 0x20, 0x72, 0x65, 0x67, 0x69, 0x73, 0x74, 0x65,
    0x72, 0x65, 0x64, 0x20, 0xC2, 0xB7, 0x20, 0x63, 0x6C, 0x69, 0x63, 0x6B, 0x20, 0x74, 0x6F, 0x20,
    0x72, 0x65, 0x67, 0x69, 0x73, 0x74, 0x65, 0x72, 0x2C, 0xE6, 0x9C, 0xAA, 0xE6, 0xB3, 0xA8, 0xE5,
    0x86, 0x8C, 0x20, 0xC2, 0xB7, 0x20, 0xE7, 0x82, 0xB9, 0xE5, 0x87, 0xBB, 0xE6, 0xB3, 0xA8, 0xE5,
    0x86, 0x8C, 0x0D, 0x0A, 0x73, 0x65, 0x74, 0x74, 0x69, 0x6E, 0x67, 0x73, 0x5F, 0x72, 0x65, 0x73,
    0x65, 0x74, 0x2C, 0x52, 0x65, 0x73, 0x65, 0x74, 0x20, 0x74, 0x6F, 0x20, 0x64, 0x65, 0x66, 0x61,
    0x75, 0x6C, 0x74, 0x73, 0x2C, 0xE6, 0x81, 0xA2, 0xE5, 0xA4, 0x8D, 0xE9, 0xBB, 0x98, 0xE8, 0xAE,
    0xA4, 0xE8, 0xAE, 0xBE, 0xE7, 0xBD, 0xAE, 0x0D, 0x0A, 0x73, 0x65, 0x74, 0x74, 0x69, 0x6E, 0x67,
    0x73, 0x5F, 0x63, 0x6C, 0x6F, 0x73, 0x65, 0x2C, 0x43, 0x6C, 0x6F, 0x73, 0x65, 0x20, 0x73, 0x65,
    0x74, 0x74, 0x69, 0x6E, 0x67, 0x73, 0x2C, 0xE5, 0x85, 0xB3, 0xE9, 0x97, 0xAD, 0xE8, 0xAE, 0xBE,
    0xE7, 0xBD, 0xAE, 0xE9, 0x9D, 0xA2, 0xE6, 0x9D, 0xBF, 0x0D, 0x0A, 0x73, 0x65, 0x74, 0x74, 0x69,
    0x6E, 0x67, 0x73, 0x5F, 0x66, 0x6F, 0x6F, 0x74, 0x65, 0x72, 0x2C, 0x43, 0x6C, 0x69, 0x63, 0x6B,
    0x20, 0x61, 0x20, 0x72, 0x6F, 0x77, 0x20, 0x74, 0x6F, 0x20, 0x63, 0x68, 0x61, 0x6E, 0x67, 0x65,
    0x20, 0xC2, 0xB7, 0x20, 0x53, 0x65, 0x74, 0x74, 0x69, 0x6E, 0x67, 0x73, 0x20, 0x73, 0x61, 0x76,
    0x65, 0x64, 0x20, 0x74, 0x6F, 0x20, 0x25, 0x73, 0x2C, 0xE7, 0x82, 0xB9, 0xE5, 0x87, 0xBB, 0xE6,
    0x9D, 0xA1, 0xE7, 0x9B, 0xAE, 0xE4, 0xBF, 0xAE, 0xE6, 0x94, 0xB9, 0x20, 0xC2, 0xB7, 0x20, 0xE8,
    0xAE, 0xBE, 0xE7, 0xBD, 0xAE, 0xE4, 0xBF, 0x9D, 0xE5, 0xAD, 0x98, 0xE5, 0x9C, 0xA8, 0x20, 0x25,
    0x73, 0x0D, 0x0A, 0x73, 0x65, 0x74, 0x74, 0x69, 0x6E, 0x67, 0x73, 0x5F, 0x6F, 0x6E, 0x2C, 0x4F,
    0x6E, 0x2C, 0xE5, 0xBC, 0x80, 0x0D, 0x0A, 0x73, 0x65, 0x74, 0x74, 0x69, 0x6E, 0x67, 0x73, 0x5F,
    0x6F, 0x66, 0x66, 0x2C, 0x4F, 0x66, 0x66, 0x2C, 0xE5, 0x85, 0xB3, 0x0D, 0x0A, 0x73, 0x65, 0x74,
    0x74, 0x69, 0x6E, 0x67, 0x73, 0x5F, 0x73, 0x65, 0x63, 0x6F, 0x6E, 0x64, 0x73, 0x2C, 0x25, 0x64,
    0x20, 0x73, 0x2C, 0x25, 0x64, 0x20, 0xE7, 0xA7, 0x92, 0x0D, 0x0A, 0x63, 0x6C, 0x69, 0x5F, 0x61,
    0x73, 0x73, 0x6F, 0x63, 0x5F, 0x72, 0x65, 0x67, 0x69, 0x73, 0x74, 0x65, 0x72, 0x65, 0x64, 0x2C,
    0x22, 0x46, 0x69, 0x6C, 0x65, 0x20, 0x61, 0x73, 0x73, 0x6F, 0x63, 0x69, 0x61, 0x74, 0x69, 0x6F,
    0x6E, 0x20, 0x72, 0x65, 0x67, 0x69, 0x73, 0x74, 0x65, 0x72, 0x65, 0x64, 0x2E, 0x5C, 0x6E, 0x5C,
    0x6E, 0x54, 0x69, 0x70, 0x3A, 0x20, 0x4F, 0x6E, 0x20, 0x57, 0x69, 0x6E, 0x64, 0x6F, 0x77, 0x73,
    0x20, 0x31, 0x30, 0x2F, 0x31, 0x31, 0x2C, 0x20, 0x74, 0x6F, 0x20, 0x73, 0x65, 0x74, 0x20, 0x69,
    0x74, 0x20, 0x61, 0x73, 0x20, 0x74, 0x68, 0x65, 0x20, 0x64, 0x65, 0x66, 0x61, 0x75, 0x6C, 0x74,
    0x20, 0x61, 0x70, 0x70, 0x2C, 0x20, 0x63, 0x6F, 0x6E, 0x66, 0x69, 0x72, 0x6D, 0x20, 0x76, 0x69,
    0x61, 0x5C, 0x6E, 0x22, 0x22, 0x4F, 0x70, 0x65, 0x6E, 0x20, 0x77, 0x69, 0x74, 0x68, 0x20, 0xE2,
    0x86, 0x92, 0x20, 0x43, 0x68, 0x6F, 0x6F, 0x73, 0x65, 0x20, 0x61, 0x6E, 0x6F, 0x74, 0x68, 0x65,
    0x72, 0x20, 0x61, 0x70, 0x70, 0x20, 0xE2, 0x86, 0x92, 0x20, 0x4C, 0x69, 0x74, 0x65, 0x56, 0x69,
    0x65, 0x77, 0x20, 0xE2, 0x86, 0x92, 0x20, 0x41, 0x6C, 0x77, 0x61, 0x79, 0x73, 0x20, 0x75, 0x73,
    0x65, 0x22, 0x22, 0x2E, 0x22, 0x2C, 0xE5, 0xB7, 0xB2, 0xE6, 0xB3, 0xA8, 0xE5, 0x86, 0x8C, 0xE6,
    0x96, 0x87, 0xE4, 0xBB, 0xB6, 0xE5, 0x85, 0xB3, 0xE8, 0x81, 0x94, 0xE3, 0x80, 0x82, 0x5C, 0x6E,
    0x5C, 0x6E, 0xE6, 0x8F, 0x90, 0xE7, 0xA4, 0xBA, 0xEF, 0xBC, 0x9A, 0x57, 0x69, 0x6E, 0x64, 0x6F,
    0x77, 0x73, 0x20, 0x31, 0x30, 0x2F, 0x31, 0x31, 0x20, 0xE4, 0xB8, 0xAD, 0xE5, 0xA6, 0x82, 0xE9,
    0x9C, 0x80, 0xE8, 0xAE, 0xBE, 0xE4, 0xB8, 0xBA, 0xE2, 0x80, 0x9C, 0xE9, 0xBB, 0x98, 0xE8, 0xAE,
    0xA4, 0xE5, 0xBA, 0x94, 0xE7, 0x94, 0xA8, 0xE2, 0x80, 0x9D, 0xEF, 0xBC, 0x8C, 0xE8, 0xAF, 0xB7,
    0xE5, 0x9C, 0xA8, 0x5C, 0x6E, 0xE3, 0x80, 0x8C, 0xE6, 0x89, 0x93, 0xE5, 0xBC, 0x80, 0xE6, 0x96,
    0xB9, 0xE5, 0xBC, 0x8F, 0x20, 0xE2, 0x86, 0x92, 0x20, 0xE9, 0x80, 0x89, 0xE6, 0x8B, 0xA9, 0xE5,
    0x85, 0xB6, 0xE4, 0xBB, 0x96, 0xE5, 0xBA, 0x94, 0xE7, 0x94, 0xA8, 0x20, 0xE2, 0x86, 0x92, 0x20,
    0x4C, 0x69, 0x74, 0x65, 0x56, 0x69, 0x65, 0x77, 0x20, 0xE2, 0x86, 0x92, 0x20, 0xE5, 0xA7, 0x8B,
    0xE7, 0xBB, 0x88, 0xE4, 0xBD, 0xBF, 0xE7, 0x94, 0xA8, 0xE3, 0x80, 0x8D, 0xE4, 0xB8, 0xAD, 0xE7,
    0xA1, 0xAE, 0xE8, 0xAE, 0xA4, 0xE3, 0x80, 0x82, 0x0D, 0x0A, 0x63, 0x6C, 0x69, 0x5F, 0x61, 0x73,
    0x73, 0x6F, 0x63, 0x5F, 0x72, 0x65, 0x6D, 0x6F, 0x76, 0x65, 0x64, 0x2C, 0x46, 0x69, 0x6C, 0x65,
    0x20, 0x61, 0x73, 0x73, 0x6F, 0x63, 0x69, 0x61, 0x74, 0x69, 0x6F, 0x6E, 0x20, 0x72, 0x65, 0x6D,
    0x6F, 0x76, 0x65, 0x64, 0x2E, 0x2C, 0xE5, 0xB7, 0xB2, 0xE5, 0x8F, 0x96, 0xE6, 0xB6, 0x88, 0xE6,
    0x96, 0x87, 0xE4, 0xBB, 0xB6, 0xE5, 0x85, 0xB3, 0xE8, 0x81, 0x94, 0xE3, 0x80, 0x82, 0x0D, 0x0A,
    0x63, 0x6C, 0x69, 0x5F, 0x6F, 0x70, 0x65, 0x72, 0x61, 0x74, 0x69, 0x6F, 0x6E, 0x5F, 0x66, 0x61,
    0x69, 0x6C, 0x65, 0x64, 0x2C, 0x4F, 0x70, 0x65, 0x72, 0x61, 0x74, 0x69, 0x6F, 0x6E, 0x20, 0x66,
    0x61, 0x69, 0x6C, 0x65, 0x64, 0x2C, 0xE6, 0x93, 0x8D, 0xE4, 0xBD, 0x9C, 0xE5, 0xA4, 0xB1, 0xE8,
    0xB4, 0xA5, 0x0D, 0x0A, 0x61, 0x73, 0x73, 0x6F, 0x63, 0x5F, 0x66, 0x72, 0x69, 0x65, 0x6E, 0x64,
    0x6C, 0x79, 0x5F, 0x6E, 0x61, 0x6D, 0x65, 0x2C, 0x4C, 0x69, 0x74, 0x65, 0x56, 0x69, 0x65, 0x77,
    0x20, 0x49, 0x6D, 0x61, 0x67, 0x65, 0x2C, 0x4C, 0x69, 0x74, 0x65, 0x56, 0x69, 0x65, 0x77, 0x20,
    0xE5, 0x9B, 0xBE, 0xE7, 0x89, 0x87, 0x0D, 0x0A, 0x65, 0x72, 0x72, 0x5F, 0x61, 0x73, 0x73, 0x6F,
    0x63, 0x5F, 0x70, 0x72, 0x6F, 0x67, 0x69, 0x64, 0x2C, 0x46, 0x61, 0x69, 0x6C, 0x65, 0x64, 0x20,
    0x74, 0x6F, 0x20, 0x77, 0x72, 0x69, 0x74, 0x65, 0x20, 0x50, 0x72, 0x6F, 0x67, 0x49, 0x44, 0x2C,
    0xE5, 0x86, 0x99, 0xE5, 0x85, 0xA5, 0x20, 0x50, 0x72, 0x6F, 0x67, 0x49, 0x44, 0x20, 0xE5, 0xA4,
    0xB1, 0xE8, 0xB4, 0xA5, 0x0D, 0x0A, 0x65, 0x72, 0x72, 0x5F, 0x61, 0x73, 0x73, 0x6F, 0x63, 0x5F,
    0x64, 0x65, 0x66, 0x61, 0x75, 0x6C, 0x74, 0x2C, 0x46, 0x61, 0x69, 0x6C, 0x65, 0x64, 0x20, 0x74,
    0x6F, 0x20, 0x73, 0x65, 0x74, 0x20, 0x74, 0x68, 0x65, 0x20, 0x64, 0x65, 0x66, 0x61, 0x75, 0x6C,
    0x74, 0x20, 0x61, 0x73, 0x73, 0x6F, 0x63, 0x69, 0x61, 0x74, 0x69, 0x6F, 0x6E, 0x20, 0x28, 0x70,
    0x6F, 0x73, 0x73, 0x69, 0x62, 0x6C, 0x79, 0x20, 0x72, 0x65, 0x73, 0x74, 0x72, 0x69, 0x63, 0x74,
    0x65, 0x64, 0x20, 0x62, 0x79, 0x20, 0x70, 0x6F, 0x6C, 0x69, 0x63, 0x79, 0x29, 0x2C, 0xE8, 0xAE,
    0xBE, 0xE7, 0xBD, 0xAE, 0xE9, 0xBB, 0x98, 0xE8, 0xAE, 0xA4, 0xE5, 0x85, 0xB3, 0xE8, 0x81, 0x94,
    0xE5, 0xA4, 0xB1, 0xE8, 0xB4, 0xA5, 0xEF, 0xBC, 0x88, 0xE5, 0x8F, 0xAF, 0xE8, 0x83, 0xBD, 0xE8,
    0xA2, 0xAB, 0xE7, 0xB3, 0xBB, 0xE7, 0xBB, 0x9F, 0xE7, 0xAD, 0x96, 0xE7, 0x95, 0xA5, 0xE9, 0x99,
    0x90, 0xE5, 0x88, 0xB6, 0xEF, 0xBC, 0x89, 0x0D, 0x0A, 0x65, 0x72, 0x72, 0x5F, 0x61, 0x73, 0x73,
    0x6F, 0x63, 0x5F, 0x77, 0x69, 0x6E, 0x64, 0x6F, 0x77, 0x73, 0x5F, 0x6F, 0x6E, 0x6C, 0x79, 0x2C,
    0x57, 0x69, 0x6E, 0x64, 0x6F, 0x77, 0x73, 0x20, 0x6F, 0x6E, 0x6C, 0x79, 0x2C, 0xE4, 0xBB, 0x85,
    0x20, 0x57, 0x69, 0x6E, 0x64, 0x6F, 0x77, 0x73, 0x20, 0xE6, 0x94, 0xAF, 0xE6, 0x8C, 0x81, 0x0D,
    0x0A, 0x65, 0x72, 0x72, 0x5F, 0x66, 0x69, 0x6C, 0x65, 0x5F, 0x74, 0x6F, 0x6F, 0x5F, 0x73, 0x6D,
    0x61, 0x6C, 0x6C, 0x2C, 0x46, 0x69, 0x6C, 0x65, 0x20, 0x74, 0x6F, 0x6F, 0x20, 0x73, 0x6D, 0x61,
    0x6C, 0x6C, 0x20, 0x74, 0x6F, 0x20, 0x62, 0x65, 0x20, 0x61, 0x20, 0x76, 0x61, 0x6C, 0x69, 0x64,
    0x20, 0x69, 0x6D, 0x61, 0x67, 0x65, 0x2C, 0xE6, 0x96, 0x87, 0xE4, 0xBB, 0xB6, 0xE5, 0xA4, 0xAA,
    0xE5, 0xB0, 0x8F, 0xEF, 0xBC, 0x8C, 0xE4, 0xB8, 0x8D, 0xE6, 0x98, 0xAF, 0xE6, 0x9C, 0x89, 0xE6,
    0x95, 0x88, 0xE5, 0x9B, 0xBE, 0xE7, 0x89, 0x87, 0x0D, 0x0A, 0x65, 0x72, 0x72, 0x5F, 0x75, 0x6E,
    0x73, 0x75, 0x70, 0x70, 0x6F, 0x72, 0x74, 0x65, 0x64, 0x5F, 0x66, 0x6F, 0x72, 0x6D, 0x61, 0x74,
    0x2C, 0x55, 0x6E, 0x73, 0x75, 0x70, 0x70, 0x6F, 0x72, 0x74, 0x65, 0x64, 0x20, 0x69, 0x6D, 0x61,
    0x67, 0x65, 0x20, 0x66, 0x6F, 0x72, 0x6D, 0x61, 0x74, 0x20, 0x28, 0x73, 0x75, 0x70, 0x70, 0x6F,
    0x72, 0x74, 0x65, 0x64, 0x3A, 0x20, 0x42, 0x4D, 0x50, 0x20, 0x2F, 0x20, 0x50, 0x4E, 0x47, 0x20,
    0x2F, 0x20, 0x4A, 0x50, 0x45, 0x47, 0x20, 0x2F, 0x20, 0x47, 0x49, 0x46, 0x29, 0x2C, 0xE4, 0xB8,
    0x8D, 0xE6, 0x94, 0xAF, 0xE6, 0x8C, 0x81, 0xE7, 0x9A, 0x84, 0xE5, 0x9B, 0xBE, 0xE7, 0x89, 0x87,
    0xE6, 0xA0, 0xBC, 0xE5, 0xBC, 0x8F, 0xEF, 0xBC, 0x88, 0xE6, 0x94, 0xAF, 0xE6, 0x8C, 0x81, 0x20,
    0x42, 0x4D, 0x50, 0x20, 0x2F, 0x20, 0x50, 0x4E, 0x47, 0x20, 0x2F, 0x20, 0x4A, 0x50, 0x45, 0x47,
    0x20, 0x2F, 0x20, 0x47, 0x49, 0x46, 0xEF, 0xBC, 0x89, 0x0D, 0x0A, 0x65, 0x72, 0x72, 0x5F, 0x62,
    0x6D, 0x70, 0x5F, 0x68, 0x65, 0x61, 0x64, 0x65, 0x72, 0x2C, 0x43, 0x6F, 0x72, 0x72, 0x75, 0x70,
    0x74, 0x20, 0x42, 0x4D, 0x50, 0x20, 0x66, 0x69, 0x6C, 0x65, 0x20, 0x68, 0x65, 0x61, 0x64, 0x65,
    0x72, 0x2C, 0x42, 0x4D, 0x50, 0x20, 0xE6, 0x96, 0x87, 0xE4, 0xBB, 0xB6, 0xE5, 0xA4, 0xB4, 0xE6,
    0x8D, 0x9F, 0xE5, 0x9D, 0x8F, 0x0D, 0x0A, 0x65, 0x72, 0x72, 0x5F, 0x62, 0x6D, 0x70, 0x5F, 0x76,
    0x65, 0x72, 0x73, 0x69, 0x6F, 0x6E, 0x2C, 0x55, 0x6E, 0x73, 0x75, 0x70, 0x70, 0x6F, 0x72, 0x74,
    0x65, 0x64, 0x20, 0x42, 0x4D, 0x50, 0x20, 0x76, 0x65, 0x72, 0x73, 0x69, 0x6F, 0x6E, 0x2C, 0xE4,
    0xB8, 0x8D, 0xE6, 0x94, 0xAF, 0xE6, 0x8C, 0x81, 0xE7, 0x9A, 0x84, 0x20, 0x42, 0x4D, 0x50, 0x20,
    0xE7, 0x89, 0x88, 0xE6, 0x9C, 0xAC, 0x0D, 0x0A, 0x65, 0x72, 0x72, 0x5F, 0x62, 0x6D, 0x70, 0x5F,
    0x6D, 0x61, 0x73, 0x6B, 0x73, 0x2C, 0x4D, 0x69, 0x73, 0x73, 0x69, 0x6E, 0x67, 0x20, 0x42, 0x4D,
    0x50, 0x20, 0x63, 0x6F, 0x6C, 0x6F, 0x72, 0x20, 0x6D, 0x61, 0x73, 0x6B, 0x73, 0x2C, 0x42, 0x4D,
    0x50, 0x20, 0xE6, 0x8E, 0xA9, 0xE7, 0xA0, 0x81, 0xE7, 0xBC, 0xBA, 0xE5, 0xA4, 0xB1, 0x0D, 0x0A,
    0x65, 0x72, 0x72, 0x5F, 0x62, 0x6D, 0x70, 0x5F, 0x73, 0x69, 0x7A, 0x65, 0x2C, 0x49, 0x6E, 0x76,
    0x61, 0x6C, 0x69, 0x64, 0x20, 0x6F, 0x72, 0x20, 0x6F, 0x76, 0x65, 0x72, 0x73, 0x69, 0x7A, 0x65,
    0x64, 0x20, 0x42, 0x4D, 0x50, 0x20, 0x64, 0x69, 0x6D, 0x65, 0x6E, 0x73, 0x69, 0x6F, 0x6E, 0x73,
    0x2C, 0x42, 0x4D, 0x50, 0x20, 0xE5, 0xB0, 0xBA, 0xE5, 0xAF, 0xB8, 0xE6, 0x97, 0xA0, 0xE6, 0x95,
    0x88, 0xE6, 0x88, 0x96, 0xE8, 0xBF, 0x87, 0xE5, 0xA4, 0xA7, 0x0D, 0x0A, 0x65, 0x72, 0x72, 0x5F,
    0x62, 0x6D, 0x70, 0x5F, 0x62, 0x70, 0x70, 0x2C, 0x55, 0x6E, 0x73, 0x75, 0x70, 0x70, 0x6F, 0x72,
    0x74, 0x65, 0x64, 0x20, 0x42, 0x4D, 0x50, 0x20, 0x62, 0x69, 0x74, 0x20, 0x64, 0x65, 0x70, 0x74,
    0x68, 0x2C, 0x42, 0x4D, 0x50, 0x20, 0xE4, 0xBD, 0x8D, 0xE6, 0xB7, 0xB1, 0xE4, 0xB8, 0x8D, 0xE6,
    0x94, 0xAF, 0xE6, 0x8C, 0x81, 0x0D, 0x0A, 0x65, 0x72, 0x72, 0x5F, 0x62, 0x6D, 0x70, 0x5F, 0x63,
    0x6F, 0x6D, 0x70, 0x72, 0x65, 0x73, 0x73, 0x69, 0x6F, 0x6E, 0x2C, 0x55, 0x6E, 0x73, 0x75, 0x70,
    0x70, 0x6F, 0x72, 0x74, 0x65, 0x64, 0x20, 0x42, 0x4D, 0x50, 0x20, 0x63, 0x6F, 0x6D, 0x70, 0x72,
    0x65, 0x73, 0x73, 0x69, 0x6F, 0x6E, 0x2C, 0x42, 0x4D, 0x50, 0x20, 0xE5, 0x8E, 0x8B, 0xE7, 0xBC,
    0xA9, 0xE6, 0x96, 0xB9, 0xE5, 0xBC, 0x8F, 0xE4, 0xB8, 0x8D, 0xE6, 0x94, 0xAF, 0xE6, 0x8C, 0x81,
    0x0D, 0x0A, 0x65, 0x72, 0x72, 0x5F, 0x62, 0x6D, 0x70, 0x5F, 0x70, 0x61, 0x6C, 0x65, 0x74, 0x74,
    0x65, 0x2C, 0x42, 0x4D, 0x50, 0x20, 0x70, 0x61, 0x6C, 0x65, 0x74, 0x74, 0x65, 0x20, 0x6F, 0x75,
    0x74, 0x20, 0x6F, 0x66, 0x20, 0x62, 0x6F, 0x75, 0x6E, 0x64, 0x73, 0x2C, 0x42, 0x4D, 0x50, 0x20,
    0xE8, 0xB0, 0x83, 0xE8, 0x89, 0xB2, 0xE6, 0x9D, 0xBF, 0xE8, 0xB6, 0x8A, 0xE7, 0x95, 0x8C, 0x0D,
    0x0A, 0x65, 0x72, 0x72, 0x5F, 0x62, 0x6D, 0x70, 0x5F, 0x72, 0x6C, 0x65, 0x5F, 0x62, 0x70, 0x70,
    0x2C, 0x49, 0x6E, 0x76, 0x61, 0x6C, 0x69, 0x64, 0x20, 0x42, 0x4D, 0x50, 0x20, 0x52, 0x4C, 0x45,
    0x20, 0x62, 0x69, 0x74, 0x20, 0x64, 0x65, 0x70, 0x74, 0x68, 0x2C, 0x42, 0x4D, 0x50, 0x20, 0x52,
    0x4C, 0x45, 0x20, 0xE4, 0xBD, 0x8D, 0xE6, 0xB7, 0xB1, 0xE9, 0x94, 0x99, 0xE8, 0xAF, 0xAF, 0x0D,
    0x0A, 0x65, 0x72, 0x72, 0x5F, 0x62, 0x6D, 0x70, 0x5F, 0x6E, 0x6F, 0x5F, 0x70, 0x69, 0x78, 0x65,
    0x6C, 0x73, 0x2C, 0x4D, 0x69, 0x73, 0x73, 0x69, 0x6E, 0x67, 0x20, 0x42, 0x4D, 0x50, 0x20, 0x70,
    0x69, 0x78, 0x65, 0x6C, 0x20, 0x64, 0x61, 0x74, 0x61, 0x2C, 0x42, 0x4D, 0x50, 0x20, 0xE5, 0x83,
    0x8F, 0xE7, 0xB4, 0xA0, 0xE6, 0x95, 0xB0, 0xE6, 0x8D, 0xAE, 0xE7, 0xBC, 0xBA, 0xE5, 0xA4, 0xB1,
    0x0D, 0x0A, 0x65, 0x72, 0x72, 0x5F, 0x62, 0x6D, 0x70, 0x5F, 0x70, 0x69, 0x78, 0x65, 0x6C, 0x73,
    0x5F, 0x69, 0x6E, 0x63, 0x6F, 0x6D, 0x70, 0x6C, 0x65, 0x74, 0x65, 0x2C, 0x49, 0x6E, 0x63, 0x6F,
    0x6D, 0x70, 0x6C, 0x65, 0x74, 0x65, 0x20, 0x42, 0x4D, 0x50, 0x20, 0x70, 0x69, 0x78, 0x65, 0x6C,
    0x20, 0x64, 0x61, 0x74, 0x61, 0x2C, 0x42, 0x4D, 0x50, 0x20, 0xE5, 0x83, 0x8F, 0xE7, 0xB4, 0xA0,
    0xE6, 0x95, 0xB0, 0xE6, 0x8D, 0xAE, 0xE4, 0xB8, 0x8D, 0xE5, 0xAE, 0x8C, 0xE6, 0x95, 0xB4, 0x0D,
    0x0A, 0x65, 0x72, 0x72, 0x5F, 0x67, 0x69, 0x66, 0x5F, 0x6E, 0x6F, 0x74, 0x5F, 0x67, 0x69, 0x66,
    0x2C, 0x4E, 0x6F, 0x74, 0x20, 0x61, 0x20, 0x47, 0x49, 0x46, 0x20, 0x66, 0x69, 0x6C, 0x65, 0x2C,
    0xE4, 0xB8, 0x8D, 0xE6, 0x98, 0xAF, 0x20, 0x47, 0x49, 0x46, 0x20, 0xE6, 0x96, 0x87, 0xE4, 0xBB,
    0xB6, 0x0D, 0x0A, 0x65, 0x72, 0x72, 0x5F, 0x67, 0x69, 0x66, 0x5F, 0x73, 0x69, 0x7A, 0x65, 0x2C,
    0x49, 0x6E, 0x76, 0x61, 0x6C, 0x69, 0x64, 0x20, 0x6F, 0x72, 0x20, 0x6F, 0x76, 0x65, 0x72, 0x73,
    0x69, 0x7A, 0x65, 0x64, 0x20, 0x47, 0x49, 0x46, 0x20, 0x64, 0x69, 0x6D, 0x65, 0x6E, 0x73, 0x69,
    0x6F, 0x6E, 0x73, 0x2C, 0x47, 0x49, 0x46, 0x20, 0xE5, 0xB0, 0xBA, 0xE5, 0xAF, 0xB8, 0xE6, 0x97,
    0xA0, 0xE6, 0x95, 0x88, 0xE6, 0x88, 0x96, 0xE8, 0xBF, 0x87, 0xE5, 0xA4, 0xA7, 0x0D, 0x0A, 0x65,
    0x72, 0x72, 0x5F, 0x67, 0x69, 0x66, 0x5F, 0x70, 0x61, 0x6C, 0x65, 0x74, 0x74, 0x65, 0x2C, 0x47,
    0x49, 0x46, 0x20, 0x70, 0x61, 0x6C, 0x65, 0x74, 0x74, 0x65, 0x20, 0x6F, 0x75, 0x74, 0x20, 0x6F,
    0x66, 0x20, 0x62, 0x6F, 0x75, 0x6E, 0x64, 0x73, 0x2C, 0x47, 0x49, 0x46, 0x20, 0xE8, 0xB0, 0x83,
    0xE8, 0x89, 0xB2, 0xE6, 0x9D, 0xBF, 0xE8, 0xB6, 0x8A, 0xE7, 0x95, 0x8C, 0x0D, 0x0A, 0x65, 0x72,
    0x72, 0x5F, 0x67, 0x69, 0x66, 0x5F, 0x63, 0x6F, 0x72, 0x72, 0x75, 0x70, 0x74, 0x2C, 0x43, 0x6F,
    0x72, 0x72, 0x75, 0x70, 0x74, 0x20, 0x47, 0x49, 0x46, 0x20, 0x64, 0x61, 0x74, 0x61, 0x2C, 0x47,
    0x49, 0x46, 0x20, 0xE6, 0x95, 0xB0, 0xE6, 0x8D, 0xAE, 0xE6, 0x8D, 0x9F, 0xE5, 0x9D, 0x8F, 0x0D,
    0x0A, 0x65, 0x72, 0x72, 0x5F, 0x67, 0x69, 0x66, 0x5F, 0x70, 0x69, 0x78, 0x65, 0x6C, 0x73, 0x5F,
    0x69, 0x6E, 0x63, 0x6F, 0x6D, 0x70, 0x6C, 0x65, 0x74, 0x65, 0x2C, 0x49, 0x6E, 0x63, 0x6F, 0x6D,
    0x70, 0x6C, 0x65, 0x74, 0x65, 0x20, 0x47, 0x49, 0x46, 0x20, 0x70, 0x69, 0x78, 0x65, 0x6C, 0x20,
    0x64, 0x61, 0x74, 0x61, 0x2C, 0x47, 0x49, 0x46, 0x20, 0xE5, 0x83, 0x8F, 0xE7, 0xB4, 0xA0, 0xE6,
    0x95, 0xB0, 0xE6, 0x8D, 0xAE, 0xE4, 0xB8, 0x8D, 0xE5, 0xAE, 0x8C, 0xE6, 0x95, 0xB4, 0x0D, 0x0A,
    0x65, 0x72, 0x72, 0x5F, 0x67, 0x69, 0x66, 0x5F, 0x62, 0x6C, 0x6F, 0x63, 0x6B, 0x2C, 0x43, 0x6F,
    0x72, 0x72, 0x75, 0x70, 0x74, 0x20, 0x47, 0x49, 0x46, 0x20, 0x69, 0x6D, 0x61, 0x67, 0x65, 0x20,
    0x62, 0x6C, 0x6F, 0x63, 0x6B, 0x2C, 0x47, 0x49, 0x46, 0x20, 0xE5, 0x9B, 0xBE, 0xE5, 0x83, 0x8F,
    0xE5, 0x9D, 0x97, 0xE6, 0x8D, 0x9F, 0xE5, 0x9D, 0x8F, 0x0D, 0x0A, 0x65, 0x72, 0x72, 0x5F, 0x67,
    0x69, 0x66, 0x5F, 0x69, 0x6E, 0x63, 0x6F, 0x6D, 0x70, 0x6C, 0x65, 0x74, 0x65, 0x2C, 0x49, 0x6E,
    0x63, 0x6F, 0x6D, 0x70, 0x6C, 0x65, 0x74, 0x65, 0x20, 0x47, 0x49, 0x46, 0x20, 0x64, 0x61, 0x74,
    0x61, 0x2C, 0x47, 0x49, 0x46, 0x20, 0xE6, 0x95, 0xB0, 0xE6, 0x8D, 0xAE, 0xE4, 0xB8, 0x8D, 0xE5,
    0xAE, 0x8C, 0xE6, 0x95, 0xB4, 0x0D, 0x0A, 0x65, 0x72, 0x72, 0x5F, 0x6A, 0x70, 0x65, 0x67, 0x5F,
    0x6E, 0x6F, 0x5F, 0x66, 0x72, 0x61, 0x6D, 0x65, 0x2C, 0x4A, 0x50, 0x45, 0x47, 0x20, 0x69, 0x73,
    0x20, 0x6D, 0x69, 0x73, 0x73, 0x69, 0x6E, 0x67, 0x20, 0x69, 0x74, 0x73, 0x20, 0x66, 0x72, 0x61,
    0x6D, 0x65, 0x20, 0x68, 0x65, 0x61, 0x64, 0x65, 0x72, 0x2C, 0x4A, 0x50, 0x45, 0x47, 0x20, 0xE7,
    0xBC, 0xBA, 0xE5, 0xB0, 0x91, 0xE5, 0xB8, 0xA7, 0xE5, 0xA4, 0xB4, 0x0D, 0x0A, 0x65, 0x72, 0x72,
    0x5F, 0x6A, 0x70, 0x65, 0x67, 0x5F, 0x63, 0x6D, 0x79, 0x6B, 0x2C, 0x43, 0x4D, 0x59, 0x4B, 0x2F,
    0x59, 0x43, 0x43, 0x4B, 0x20, 0x63, 0x6F, 0x6C, 0x6F, 0x72, 0x20, 0x4A, 0x50, 0x45, 0x47, 0x20,
    0x69, 0x73, 0x20, 0x6E, 0x6F, 0x74, 0x20, 0x73, 0x75, 0x70, 0x70, 0x6F, 0x72, 0x74, 0x65, 0x64,
    0x2C, 0xE4, 0xB8, 0x8D, 0xE6, 0x94, 0xAF, 0xE6, 0x8C, 0x81, 0x20, 0x43, 0x4D, 0x59, 0x4B, 0x2F,
    0x59, 0x43, 0x43, 0x4B, 0x20, 0xE5, 0xBD, 0xA9, 0xE8, 0x89, 0xB2, 0x20, 0x4A, 0x50, 0x45, 0x47,
    0x0D, 0x0A, 0x65, 0x72, 0x72, 0x5F, 0x6A, 0x70, 0x65, 0x67, 0x5F, 0x63, 0x6F, 0x6D, 0x70, 0x6F,
    0x6E, 0x65, 0x6E, 0x74, 0x73, 0x2C, 0x55, 0x6E, 0x65, 0x78, 0x70, 0x65, 0x63, 0x74, 0x65, 0x64,
    0x20, 0x4A, 0x50, 0x45, 0x47, 0x20, 0x63, 0x6F, 0x6D, 0x70, 0x6F, 0x6E, 0x65, 0x6E, 0x74, 0x20,
    0x63, 0x6F, 0x75, 0x6E, 0x74, 0x2C, 0x4A, 0x50, 0x45, 0x47, 0x20, 0xE5, 0x88, 0x86, 0xE9, 0x87,
    0x8F, 0xE6, 0x95, 0xB0, 0xE5, 0xBC, 0x82, 0xE5, 0xB8, 0xB8, 0x0D, 0x0A, 0x65, 0x72, 0x72, 0x5F,
    0x6A, 0x70, 0x65, 0x67, 0x5F, 0x6E, 0x6F, 0x74, 0x5F, 0x6A, 0x70, 0x65, 0x67, 0x2C, 0x4E, 0x6F,
    0x74, 0x20, 0x61, 0x20, 0x4A, 0x50, 0x45, 0x47, 0x20, 0x66, 0x69, 0x6C, 0x65, 0x2C, 0xE4, 0xB8,
    0x8D, 0xE6, 0x98, 0xAF, 0x20, 0x4A, 0x50, 0x45, 0x47, 0x20, 0xE6, 0x96, 0x87, 0xE4, 0xBB, 0xB6,
    0x0D, 0x0A, 0x65, 0x72, 0x72, 0x5F, 0x6A, 0x70, 0x65, 0x67, 0x5F, 0x73, 0x74, 0x72, 0x75, 0x63,
    0x74, 0x75, 0x72, 0x65, 0x2C, 0x43, 0x6F, 0x72, 0x72, 0x75, 0x70, 0x74, 0x20, 0x4A, 0x50, 0x45,
    0x47, 0x20, 0x73, 0x74, 0x72, 0x75, 0x63, 0x74, 0x75, 0x72, 0x65, 0x2C, 0x4A, 0x50, 0x45, 0x47,
    0x20, 0xE7, 0xBB, 0x93, 0xE6, 0x9E, 0x84, 0xE5, 0xBC, 0x82, 0xE5, 0xB8, 0xB8, 0x0D, 0x0A, 0x65,
    0x72, 0x72, 0x5F, 0x6A, 0x70, 0x65, 0x67, 0x5F, 0x73, 0x63, 0x61, 0x6E, 0x2C, 0x43, 0x6F, 0x72,
    0x72, 0x75, 0x70, 0x74, 0x20, 0x4A, 0x50, 0x45, 0x47, 0x20, 0x73, 0x63, 0x61, 0x6E, 0x20, 0x64,
    0x61, 0x74, 0x61, 0x2C, 0x4A, 0x50, 0x45, 0x47, 0x20, 0xE6, 0x89, 0xAB, 0xE6, 0x8F, 0x8F, 0xE6,
    0x95, 0xB0, 0xE6, 0x8D, 0xAE, 0xE6, 0x8D, 0x9F, 0xE5, 0x9D, 0x8F, 0x0D, 0x0A, 0x65, 0x72, 0x72,
    0x5F, 0x6A, 0x70, 0x65, 0x67, 0x5F, 0x64, 0x71, 0x74, 0x2C, 0x43, 0x6F, 0x72, 0x72, 0x75, 0x70,
    0x74, 0x20, 0x4A, 0x50, 0x45, 0x47, 0x20, 0x71, 0x75, 0x61, 0x6E, 0x74, 0x69, 0x7A, 0x61, 0x74,
    0x69, 0x6F, 0x6E, 0x20, 0x74, 0x61, 0x62, 0x6C, 0x65, 0x2C, 0x4A, 0x50, 0x45, 0x47, 0x20, 0xE9,
    0x87, 0x8F, 0xE5, 0x8C, 0x96, 0xE8, 0xA1, 0xA8, 0xE6, 0x8D, 0x9F, 0xE5, 0x9D, 0x8F, 0x0D, 0x0A,
    0x65, 0x72, 0x72, 0x5F, 0x6A, 0x70, 0x65, 0x67, 0x5F, 0x64, 0x68, 0x74, 0x2C, 0x43, 0x6F, 0x72,
    0x72, 0x75, 0x70, 0x74, 0x20, 0x4A, 0x50, 0x45, 0x47, 0x20, 0x48, 0x75, 0x66, 0x66, 0x6D, 0x61,
    0x6E, 0x20, 0x74, 0x61, 0x62, 0x6C, 0x65, 0x2C, 0x4A, 0x50, 0x45, 0x47, 0x20, 0xE9, 0x9C, 0x8D,
    0xE5, 0xA4, 0xAB, 0xE6, 0x9B, 0xBC, 0xE8, 0xA1, 0xA8, 0xE6, 0x8D, 0x9F, 0xE5, 0x9D, 0x8F, 0x0D,
    0x0A, 0x65, 0x72, 0x72, 0x5F, 0x6A, 0x70, 0x65, 0x67, 0x5F, 0x73, 0x6F, 0x66, 0x2C, 0x55, 0x6E,
    0x73, 0x75, 0x70, 0x70, 0x6F, 0x72, 0x74, 0x65, 0x64, 0x20, 0x6F, 0x72, 0x20, 0x63, 0x6F, 0x72,
    0x72, 0x75, 0x70, 0x74, 0x20, 0x4A, 0x50, 0x45, 0x47, 0x20, 0x66, 0x72, 0x61, 0x6D, 0x65, 0x20,
    0x68, 0x65, 0x61, 0x64, 0x65, 0x72, 0x2C, 0x4A, 0x50, 0x45, 0x47, 0x20, 0xE5, 0xB8, 0xA7, 0xE5,
    0xA4, 0xB4, 0xE4, 0xB8, 0x8D, 0xE6, 0x94, 0xAF, 0xE6, 0x8C, 0x81, 0xE6, 0x88, 0x96, 0xE6, 0x8D,
    0x9F, 0xE5, 0x9D, 0x8F, 0x0D, 0x0A, 0x65, 0x72, 0x72, 0x5F, 0x6A, 0x70, 0x65, 0x67, 0x5F, 0x64,
    0x72, 0x69, 0x2C, 0x43, 0x6F, 0x72, 0x72, 0x75, 0x70, 0x74, 0x20, 0x4A, 0x50, 0x45, 0x47, 0x20,
    0x44, 0x52, 0x49, 0x20, 0x73, 0x65, 0x67, 0x6D, 0x65, 0x6E, 0x74, 0x2C, 0x4A, 0x50, 0x45, 0x47,
    0x20, 0x44, 0x52, 0x49, 0x20, 0xE6, 0x8D, 0x9F, 0xE5, 0x9D, 0x8F, 0x0D, 0x0A, 0x65, 0x72, 0x72,
    0x5F, 0x6A, 0x70, 0x65, 0x67, 0x5F, 0x61, 0x70, 0x70, 0x31, 0x2C, 0x43, 0x6F, 0x72, 0x72, 0x75,
    0x70, 0x74, 0x20, 0x4A, 0x50, 0x45, 0x47, 0x20, 0x41, 0x50, 0x50, 0x31, 0x20, 0x73, 0x65, 0x67,
    0x6D, 0x65, 0x6E, 0x74, 0x2C, 0x4A, 0x50, 0x45, 0x47, 0x20, 0x41, 0x50, 0x50, 0x31, 0x20, 0xE6,
    0x8D, 0x9F, 0xE5, 0x9D, 0x8F, 0x0D, 0x0A, 0x65, 0x72, 0x72, 0x5F, 0x6A, 0x70, 0x65, 0x67, 0x5F,
    0x66, 0x65, 0x61, 0x74, 0x75, 0x72, 0x65, 0x2C, 0x55, 0x6E, 0x73, 0x75, 0x70, 0x70, 0x6F, 0x72,
    0x74, 0x65, 0x64, 0x20, 0x4A, 0x50, 0x45, 0x47, 0x20, 0x66, 0x65, 0x61, 0x74, 0x75, 0x72, 0x65,
    0x2C, 0x4A, 0x50, 0x45, 0x47, 0x20, 0xE4, 0xB8, 0x8D, 0xE6, 0x94, 0xAF, 0xE6, 0x8C, 0x81, 0xE7,
    0x9A, 0x84, 0xE7, 0x89, 0xB9, 0xE6, 0x80, 0xA7, 0x0D, 0x0A, 0x65, 0x72, 0x72, 0x5F, 0x6A, 0x70,
    0x65, 0x67, 0x5F, 0x69, 0x6E, 0x63, 0x6F, 0x6D, 0x70, 0x6C, 0x65, 0x74, 0x65, 0x2C, 0x49, 0x6E,
    0x63, 0x6F, 0x6D, 0x70, 0x6C, 0x65, 0x74, 0x65, 0x20, 0x4A, 0x50, 0x45, 0x47, 0x20, 0x64, 0x61,
    0x74, 0x61, 0x2C, 0x4A, 0x50, 0x45, 0x47, 0x20, 0xE6, 0x95, 0xB0, 0xE6, 0x8D, 0xAE, 0xE4, 0xB8,
    0x8D, 0xE5, 0xAE, 0x8C, 0xE6, 0x95, 0xB4, 0x0D, 0x0A, 0x65, 0x72, 0x72, 0x5F, 0x70, 0x6E, 0x67,
    0x5F, 0x6E, 0x6F, 0x74, 0x5F, 0x70, 0x6E, 0x67, 0x2C, 0x4E, 0x6F, 0x74, 0x20, 0x61, 0x20, 0x50,
    0x4E, 0x47, 0x20, 0x66, 0x69, 0x6C, 0x65, 0x2C, 0xE4, 0xB8, 0x8D, 0xE6, 0x98, 0xAF, 0x20, 0x50,
    0x4E, 0x47, 0x20, 0xE6, 0x96, 0x87, 0xE4, 0xBB, 0xB6, 0x0D, 0x0A, 0x65, 0x72, 0x72, 0x5F, 0x70,
    0x6E, 0x67, 0x5F, 0x69, 0x68, 0x64, 0x72, 0x2C, 0x43, 0x6F, 0x72, 0x72, 0x75, 0x70, 0x74, 0x20,
    0x50, 0x4E, 0x47, 0x20, 0x49, 0x48, 0x44, 0x52, 0x2C, 0x50, 0x4E, 0x47, 0x20, 0x49, 0x48, 0x44,
    0x52, 0x20, 0xE6, 0x8D, 0x9F, 0xE5, 0x9D, 0x8F, 0x0D, 0x0A, 0x65, 0x72, 0x72, 0x5F, 0x70, 0x6E,
    0x67, 0x5F, 0x63, 0x72, 0x63, 0x2C, 0x50, 0x4E, 0x47, 0x20, 0x64, 0x61, 0x74, 0x61, 0x20, 0x63,
    0x68, 0x65, 0x63, 0x6B, 0x20, 0x66, 0x61, 0x69, 0x6C, 0x65, 0x64, 0x20, 0x28, 0x43, 0x52, 0x43,
    0x29, 0x2C, 0x50, 0x4E, 0x47, 0x20, 0xE6, 0x95, 0xB0, 0xE6, 0x8D, 0xAE, 0xE6, 0xA0, 0xA1, 0xE9,
    0xAA, 0x8C, 0xE5, 0xA4, 0xB1, 0xE8, 0xB4, 0xA5, 0x28, 0x43, 0x52, 0x43, 0x29, 0x0D, 0x0A, 0x65,
    0x72, 0x72, 0x5F, 0x70, 0x6E, 0x67, 0x5F, 0x66, 0x65, 0x61, 0x74, 0x75, 0x72, 0x65, 0x2C, 0x55,
    0x6E, 0x73, 0x75, 0x70, 0x70, 0x6F, 0x72, 0x74, 0x65, 0x64, 0x20, 0x50, 0x4E, 0x47, 0x20, 0x66,
    0x65, 0x61, 0x74, 0x75, 0x72, 0x65, 0x2C, 0x50, 0x4E, 0x47, 0x20, 0xE4, 0xB8, 0x8D, 0xE6, 0x94,
    0xAF, 0xE6, 0x8C, 0x81, 0xE7, 0x9A, 0x84, 0xE7, 0x89, 0xB9, 0xE6, 0x80, 0xA7, 0x0D, 0x0A, 0x65,
    0x72, 0x72, 0x5F, 0x70, 0x6E, 0x67, 0x5F, 0x64, 0x65, 0x70, 0x74, 0x68, 0x2C, 0x49, 0x6E, 0x76,
    0x61, 0x6C, 0x69, 0x64, 0x20, 0x50, 0x4E, 0x47, 0x20, 0x62, 0x69, 0x74, 0x20, 0x64, 0x65, 0x70,
    0x74, 0x68, 0x20, 0x2F, 0x20, 0x63, 0x6F, 0x6C, 0x6F, 0x72, 0x20, 0x74, 0x79, 0x70, 0x65, 0x2C,
    0x50, 0x4E, 0x47, 0x20, 0xE4, 0xBD, 0x8D, 0xE6, 0xB7, 0xB1, 0x2F, 0xE9, 0xA2, 0x9C, 0xE8, 0x89,
    0xB2, 0xE7, 0xB1, 0xBB, 0xE5, 0x9E, 0x8B, 0xE4, 0xB8, 0x8D, 0xE5, 0x90, 0x88, 0xE6, 0xB3, 0x95,
    0x0D, 0x0A, 0x65, 0x72, 0x72, 0x5F, 0x70, 0x6E, 0x67, 0x5F, 0x73, 0x69, 0x7A, 0x65, 0x2C, 0x49,
    0x6E, 0x76, 0x61, 0x6C, 0x69, 0x64, 0x20, 0x6F, 0x72, 0x20, 0x6F, 0x76, 0x65, 0x72, 0x73, 0x69,
    0x7A, 0x65, 0x64, 0x20, 0x50, 0x4E, 0x47, 0x20, 0x64, 0x69, 0x6D, 0x65, 0x6E, 0x73, 0x69, 0x6F,
    0x6E, 0x73, 0x2C, 0x50, 0x4E, 0x47, 0x20, 0xE5, 0xB0, 0xBA, 0xE5, 0xAF, 0xB8, 0xE6, 0x97, 0xA0,
    0xE6, 0x95, 0x88, 0xE6, 0x88, 0x96, 0xE8, 0xBF, 0x87, 0xE5, 0xA4, 0xA7, 0x0D, 0x0A, 0x65, 0x72,
    0x72, 0x5F, 0x70, 0x6E, 0x67, 0x5F, 0x69, 0x6E, 0x63, 0x6F, 0x6D, 0x70, 0x6C, 0x65, 0x74, 0x65,
    0x2C, 0x49, 0x6E, 0x63, 0x6F, 0x6D, 0x70, 0x6C, 0x65, 0x74, 0x65, 0x20, 0x50, 0x4E, 0x47, 0x20,
    0x64, 0x61, 0x74, 0x61, 0x2C, 0x50, 0x4E, 0x47, 0x20, 0xE6, 0x95, 0xB0, 0xE6, 0x8D, 0xAE, 0xE4,
    0xB8, 0x8D, 0xE5, 0xAE, 0x8C, 0xE6, 0x95, 0xB4, 0x0D, 0x0A, 0x65, 0x72, 0x72, 0x5F, 0x70, 0x6E,
    0x67, 0x5F, 0x75, 0x6E, 0x63, 0x6F, 0x6D, 0x70, 0x72, 0x65, 0x73, 0x73, 0x2C, 0x50, 0x4E, 0x47,
    0x20, 0x64, 0x65, 0x63, 0x6F, 0x6D, 0x70, 0x72, 0x65, 0x73, 0x73, 0x69, 0x6F, 0x6E, 0x20, 0x66,
    0x61, 0x69, 0x6C, 0x65, 0x64, 0x3A, 0x20, 0x25, 0x73, 0x2C, 0x50, 0x4E, 0x47, 0x20, 0xE8, 0xA7,
    0xA3, 0xE5, 0x8E, 0x8B, 0xE5, 0xA4, 0xB1, 0xE8, 0xB4, 0xA5, 0x3A, 0x20, 0x25, 0x73, 0x0D, 0x0A,
    0x65, 0x72, 0x72, 0x5F, 0x70, 0x6E, 0x67, 0x5F, 0x70, 0x69, 0x78, 0x65, 0x6C, 0x73, 0x5F, 0x69,
    0x6E, 0x63, 0x6F, 0x6D, 0x70, 0x6C, 0x65, 0x74, 0x65, 0x2C, 0x49, 0x6E, 0x63, 0x6F, 0x6D, 0x70,
    0x6C, 0x65, 0x74, 0x65, 0x20, 0x50, 0x4E, 0x47, 0x20, 0x70, 0x69, 0x78, 0x65, 0x6C, 0x20, 0x64,
    0x61, 0x74, 0x61, 0x2C, 0x50, 0x4E, 0x47, 0x20, 0xE5, 0x83, 0x8F, 0xE7, 0xB4, 0xA0, 0xE6, 0x95,
    0xB0, 0xE6, 0x8D, 0xAE, 0xE4, 0xB8, 0x8D, 0xE5, 0xAE, 0x8C, 0xE6, 0x95, 0xB4, 0x0D, 0x0A, 0x65,
    0x72, 0x72, 0x5F, 0x70, 0x6E, 0x67, 0x5F, 0x66, 0x69, 0x6C, 0x74, 0x65, 0x72, 0x2C, 0x49, 0x6E,
    0x76, 0x61, 0x6C, 0x69, 0x64, 0x20, 0x50, 0x4E, 0x47, 0x20, 0x72, 0x6F, 0x77, 0x20, 0x66, 0x69,
    0x6C, 0x74, 0x65, 0x72, 0x20, 0x74, 0x79, 0x70, 0x65, 0x2C, 0x50, 0x4E, 0x47, 0x20, 0xE8, 0xA1,
    0x8C, 0xE6, 0xBB, 0xA4, 0xE6, 0xB3, 0xA2, 0xE7, 0xB1, 0xBB, 0xE5, 0x9E, 0x8B, 0xE9, 0x9D, 0x9E,
    0xE6, 0xB3, 0x95, 0x0D, 0x0A, 0x65, 0x72, 0x72, 0x5F, 0x7A, 0x6C, 0x69, 0x62, 0x5F, 0x73, 0x68,
    0x6F, 0x72, 0x74, 0x2C, 0x7A, 0x6C, 0x69, 0x62, 0x20, 0x64, 0x61, 0x74, 0x61, 0x20, 0x74, 0x6F,
    0x6F, 0x20, 0x73, 0x68, 0x6F, 0x72, 0x74, 0x2C, 0x7A, 0x6C, 0x69, 0x62, 0x20, 0xE6, 0x95, 0xB0,
    0xE6, 0x8D, 0xAE, 0xE8, 0xBF, 0x87, 0xE7, 0x9F, 0xAD, 0x0D, 0x0A, 0x65, 0x72, 0x72, 0x5F, 0x7A,
    0x6C, 0x69, 0x62, 0x5F, 0x6E, 0x6F, 0x74, 0x5F, 0x64, 0x65, 0x66, 0x6C, 0x61, 0x74, 0x65, 0x2C,
    0x4E, 0x6F, 0x74, 0x20, 0x64, 0x65, 0x66, 0x6C, 0x61, 0x74, 0x65, 0x2D, 0x63, 0x6F, 0x6D, 0x70,
    0x72, 0x65, 0x73, 0x73, 0x65, 0x64, 0x20, 0x64, 0x61, 0x74, 0x61, 0x2C, 0xE4, 0xB8, 0x8D, 0xE6,
    0x98, 0xAF, 0x20, 0x64, 0x65, 0x66, 0x6C, 0x61, 0x74, 0x65, 0x20, 0xE5, 0x8E, 0x8B, 0xE7, 0xBC,
    0xA9, 0x0D, 0x0A, 0x65, 0x72, 0x72, 0x5F, 0x7A, 0x6C, 0x69, 0x62, 0x5F, 0x77, 0x69, 0x6E, 0x64,
    0x6F, 0x77, 0x2C, 0x49, 0x6E, 0x76, 0x61, 0x6C, 0x69, 0x64, 0x20, 0x7A, 0x6C, 0x69, 0x62, 0x20,
    0x77, 0x69, 0x6E, 0x64, 0x6F, 0x77, 0x20, 0x73, 0x69, 0x7A, 0x65, 0x2C, 0xE7, 0xAA, 0x97, 0xE5,
    0x8F, 0xA3, 0xE8, 0xBF, 0x87, 0xE5, 0xA4, 0xA7, 0x0D, 0x0A, 0x65, 0x72, 0x72, 0x5F, 0x7A, 0x6C,
    0x69, 0x62, 0x5F, 0x68, 0x65, 0x61, 0x64, 0x65, 0x72, 0x2C, 0x7A, 0x6C, 0x69, 0x62, 0x20, 0x68,
    0x65, 0x61, 0x64, 0x65, 0x72, 0x20, 0x63, 0x68, 0x65, 0x63, 0x6B, 0x20, 0x66, 0x61, 0x69, 0x6C,
    0x65, 0x64, 0x2C, 0x7A, 0x6C, 0x69, 0x62, 0x20, 0xE5, 0xA4, 0xB4, 0xE6, 0xA0, 0xA1, 0xE9, 0xAA,
    0x8C, 0xE5, 0xA4, 0xB1, 0xE8, 0xB4, 0xA5, 0x0D, 0x0A, 0x65, 0x72, 0x72, 0x5F, 0x7A, 0x6C, 0x69,
    0x62, 0x5F, 0x64, 0x69, 0x63, 0x74, 0x69, 0x6F, 0x6E, 0x61, 0x72, 0x79, 0x2C, 0x50, 0x72, 0x65,
    0x73, 0x65, 0x74, 0x20, 0x64, 0x69, 0x63, 0x74, 0x69, 0x6F, 0x6E, 0x61, 0x72, 0x79, 0x20, 0x6E,
    0x6F, 0x74, 0x20, 0x73, 0x75, 0x70, 0x70, 0x6F, 0x72, 0x74, 0x65, 0x64, 0x2C, 0xE4, 0xB8, 0x8D,
    0xE6, 0x94, 0xAF, 0xE6, 0x8C, 0x81, 0xE9, 0xA2, 0x84, 0xE8, 0xAE, 0xBE, 0xE5, 0xAD, 0x97, 0xE5,
    0x85, 0xB8, 0x0D, 0x0A, 0x65, 0x72, 0x72, 0x5F, 0x7A, 0x6C, 0x69, 0x62, 0x5F, 0x63, 0x6F, 0x72,
    0x72, 0x75, 0x70, 0x74, 0x2C, 0x43, 0x6F, 0x72, 0x72, 0x75, 0x70, 0x74, 0x20, 0x44, 0x45, 0x46,
    0x4C, 0x41, 0x54, 0x45, 0x20, 0x64, 0x61, 0x74, 0x61, 0x2C, 0x44, 0x45, 0x46, 0x4C, 0x41, 0x54,
    0x45, 0x20, 0xE6, 0x95, 0xB0, 0xE6, 0x8D, 0xAE, 0xE6, 0x8D, 0x9F, 0xE5, 0x9D, 0x8F, 0x0D, 0x0A,
    0x65, 0x72, 0x72, 0x5F, 0x7A, 0x6C, 0x69, 0x62, 0x5F, 0x61, 0x64, 0x6C, 0x65, 0x72, 0x2C, 0x61,
    0x64, 0x6C, 0x65, 0x72, 0x33, 0x32, 0x20, 0x63, 0x68, 0x65, 0x63, 0x6B, 0x73, 0x75, 0x6D, 0x20,
    0x66, 0x61, 0x69, 0x6C, 0x65, 0x64, 0x2C, 0x61, 0x64, 0x6C, 0x65, 0x72, 0x33, 0x32, 0x20, 0xE6,
    0xA0, 0xA1, 0xE9, 0xAA, 0x8C, 0xE5, 0xA4, 0xB1, 0xE8, 0xB4, 0xA5, 0x0D, 0x0A, 0x65, 0x72, 0x72,
    0x5F, 0x66, 0x69, 0x6C, 0x65, 0x5F, 0x6F, 0x70, 0x65, 0x6E, 0x2C, 0x43, 0x61, 0x6E, 0x6E, 0x6F,
    0x74, 0x20, 0x6F, 0x70, 0x65, 0x6E, 0x20, 0x66, 0x69, 0x6C, 0x65, 0x2C, 0xE6, 0x97, 0xA0, 0xE6,
    0xB3, 0x95, 0xE6, 0x89, 0x93, 0xE5, 0xBC, 0x80, 0xE6, 0x96, 0x87, 0xE4, 0xBB, 0xB6, 0x0D, 0x0A,
    0x65, 0x72, 0x72, 0x5F, 0x66, 0x69, 0x6C, 0x65, 0x5F, 0x73, 0x69, 0x7A, 0x65, 0x2C, 0x43, 0x61,
    0x6E, 0x6E, 0x6F, 0x74, 0x20, 0x64, 0x65, 0x74, 0x65, 0x72, 0x6D, 0x69, 0x6E, 0x65, 0x20, 0x66,
    0x69, 0x6C, 0x65, 0x20, 0x73, 0x69, 0x7A, 0x65, 0x2C, 0xE6, 0x97, 0xA0, 0xE6, 0xB3, 0x95, 0xE8,
    0x8E, 0xB7, 0xE5, 0x8F, 0x96, 0xE6, 0x96, 0x87, 0xE4, 0xBB, 0xB6, 0xE5, 0xA4, 0xA7, 0xE5, 0xB0,
    0x8F, 0x0D, 0x0A, 0x65, 0x72, 0x72, 0x5F, 0x66, 0x69, 0x6C, 0x65, 0x5F, 0x74, 0x6F, 0x6F, 0x5F,
    0x62, 0x69, 0x67, 0x2C, 0x46, 0x69, 0x6C, 0x65, 0x20, 0x74, 0x6F, 0x6F, 0x20, 0x6C, 0x61, 0x72,
    0x67, 0x65, 0x20, 0x28, 0x6F, 0x76, 0x65, 0x72, 0x20, 0x32, 0x20, 0x47, 0x42, 0x29, 0x2C, 0xE6,
    0x96, 0x87, 0xE4, 0xBB, 0xB6, 0xE5, 0xA4, 0xAA, 0xE5, 0xA4, 0xA7, 0xEF, 0xBC, 0x88, 0xE8, 0xB6,
    0x85, 0xE8, 0xBF, 0x87, 0x20, 0x32, 0x47, 0x42, 0xEF, 0xBC, 0x89, 0x0D, 0x0A, 0x65, 0x72, 0x72,
    0x5F, 0x66, 0x69, 0x6C, 0x65, 0x5F, 0x72, 0x65, 0x61, 0x64, 0x2C, 0x46, 0x61, 0x69, 0x6C, 0x65,
    0x64, 0x20, 0x74, 0x6F, 0x20, 0x72, 0x65, 0x61, 0x64, 0x20, 0x66, 0x69, 0x6C, 0x65, 0x2C, 0xE8,
    0xAF, 0xBB, 0xE5, 0x8F, 0x96, 0xE6, 0x96, 0x87, 0xE4, 0xBB, 0xB6, 0xE5, 0xA4, 0xB1, 0xE8, 0xB4,
    0xA5, 0x0D, 0x0A,
};

const LvEmbeddedPack kPacks[] = {
    { L"ja-JP", kPack_ja_JP, sizeof(kPack_ja_JP) },
    { L"zh-CN", kPack_zh_CN, sizeof(kPack_zh_CN) },
};

} // namespace

const LvEmbeddedPack* lv_embedded_packs(int* count) {
    if (count) *count = (int)(sizeof(kPacks) / sizeof(kPacks[0]));
    return kPacks;
}

#else  // !LITEVIEW_EMBEDDED_PACKS —— 需要编译 src/lang_packs_stub.cpp

#error "LITEVIEW_EMBEDDED_PACKS=0 时应改为编译 src/lang_packs_stub.cpp"

#endif

// generator: tools/embed_lang.py | packs: 2 | keys per pack: 137
